Workbook

Sheet README
A1: Colistin resistant E. coli genomes from Africa in NCBI Pathogen Detection (v2, 127 genomes)
A2: Source: NCBI Pathogen Detection build PDG000000004.6345 (published 2026-10-06), per-isolate metadata table retrieved in full and country assigned locally. Supersedes the v1 cohort of 118 genomes, which was retrieved on 26 September 2026 by filtering on a 45-name African country list at query time; that list omitted nine of the 54 African Union member states, including South Africa, the Central African Republic and the Democratic Republic of the Congo, and nine genomes were missed as a result. All 118 v1 genomes are retained here and none was dropped.
A3: Source: NCBI Pathogen Detection Isolates Browser (https://www.ncbi.nlm.nih.gov/pathogens/isolates/), queried 26 September 2026.
A4: SRA run accessions were linked to each BioSample through NCBI E-utilities (esearch/esummary, db=sra) on the same date.
A5: Query: taxgroup_name:"E.coli and Shigella" AND AMR_genotypes:mcr* AND geo_loc_name matching any of 45 African country names (wildcard).
A6: Resistance genotypes are the AMRFinderPlus calls computed by NCBI. Intrinsic E. coli genes (acrF, blaEC, mdtM, emrD, emrE, mrx(A)) were removed for readability; point mutations were kept.
A8: Sheets
A9: Isolates: one row per genome (118). Columns in yellow (ST, mcr plasmid replicon, notes) are for you to fill from the Galaxy MLST and PlasmidFinder output.
A10: SRA_runs_for_Galaxy: Illumina paired-end runs to paste into the Galaxy "Faster Download and Extract Reads in FASTQ" tool, plus long-read runs listed separately.
A11: Summary: live COUNTIFS tables by country, sector and mcr variant. They update if you edit the Isolates sheet.
A13: Derived fields and caveats
A14: Sector was assigned from the submitted host and isolation source: Poultry (Gallus, chicken, poultry farm, poultry water, chicken meat/carcass/offal/faeces), Human (Homo sapiens), Other animal (cat, starling), Food non-poultry (unspecified meat, raw milk cheese, sausage), Environment (wastewater, bathing water), Unspecified (no usable metadata).
... A25: Reconciliation (4 October 2026): every filled cell in Isolates (ST, mcr replicon) and every typing and QC column in Galaxy_results was compared by script with the Galaxy outputs re-downloaded from history "mcr Africa C typing" (collapsed AMRFinderPlus, PlasmidFinder and MOB-Recon tables, the explicit-scheme MLST run, QUAST reports and fastp JSON). 118 of 118 genomes matched. The Galaxy_results sheet was rebuilt from those outputs after a column offset was found in the earlier version. The Summary ST and replicon tables were recounted independently and matched.

Sheet Summary
A1: Analysed genomes by country and sector (126 of the 127 retrieved; GCA_015208565.1 excluded at quality control)
A2: Country | B2: Poultry | C2: Human | D2: Other animal | E2: Food (non-poultry) | F2: Environment | G2: Unspecified | H2: Total | I2: With Illumina reads
A3: Algeria | B3: =COUNTIFS(Isolates!$I$2:$I$128,$A3,Isolates!$O$2:$O$128,B$2,Isolates!$AG$2:$AG$128,"Yes") | C3: =COUNTIFS(Isolates!$I$2:$I$128,$A3,Isolates!$O$2:$O$128,C$2,Isolates!$AG$2:$AG$128,"Yes") | D3: =COUNTIFS(Isolates!$I$2:$I$128,$A3,Isolates!$O$2:$O$128,D$2,Isolates!$AG$2:$AG$128,"Yes") | E3: =COUNTIFS(Isolates!$I$2:$I$128,$A3,Isolates!$O$2:$O$128,E$2,Isolates!$AG$2:$AG$128,"Yes") | F3: =COUNTIFS(Isolates!$I$2:$I$128,$A3,Isolates!$O$2:$O$128,F$2,Isolates!$AG$2:$AG$128,"Yes") | G3: =COUNTIFS(Isolates!$I$2:$I$128,$A3,Isolates!$O$2:$O$128,G$2,Isolates!$AG$2:$AG$128,"Yes") | H3: =SUM(B3:G3) | I3: =COUNTIFS(Isolates!$I$2:$I$128,$A3,Isolates!$G$2:$G$128,"SRA Illumina PE reads",Isolates!$AG$2:$AG$128,"Yes")
A4: Cameroon | B4: =COUNTIFS(Isolates!$I$2:$I$128,$A4,Isolates!$O$2:$O$128,B$2,Isolates!$AG$2:$AG$128,"Yes") | C4: =COUNTIFS(Isolates!$I$2:$I$128,$A4,Isolates!$O$2:$O$128,C$2,Isolates!$AG$2:$AG$128,"Yes") | D4: =COUNTIFS(Isolates!$I$2:$I$128,$A4,Isolates!$O$2:$O$128,D$2,Isolates!$AG$2:$AG$128,"Yes") | E4: =COUNTIFS(Isolates!$I$2:$I$128,$A4,Isolates!$O$2:$O$128,E$2,Isolates!$AG$2:$AG$128,"Yes") | F4: =COUNTIFS(Isolates!$I$2:$I$128,$A4,Isolates!$O$2:$O$128,F$2,Isolates!$AG$2:$AG$128,"Yes") | G4: =COUNTIFS(Isolates!$I$2:$I$128,$A4,Isolates!$O$2:$O$128,G$2,Isolates!$AG$2:$AG$128,"Yes") | H4: =SUM(B4:G4) | I4: =COUNTIFS(Isolates!$I$2:$I$128,$A4,Isolates!$G$2:$G$128,"SRA Illumina PE reads",Isolates!$AG$2:$AG$128,"Yes")
A5: Central African Republic | B5: =COUNTIFS(Isolates!$I$2:$I$128,$A5,Isolates!$O$2:$O$128,B$2,Isolates!$AG$2:$AG$128,"Yes") | C5: =COUNTIFS(Isolates!$I$2:$I$128,$A5,Isolates!$O$2:$O$128,C$2,Isolates!$AG$2:$AG$128,"Yes") | D5: =COUNTIFS(Isolates!$I$2:$I$128,$A5,Isolates!$O$2:$O$128,D$2,Isolates!$AG$2:$AG$128,"Yes") | E5: =COUNTIFS(Isolates!$I$2:$I$128,$A5,Isolates!$O$2:$O$128,E$2,Isolates!$AG$2:$AG$128,"Yes") | F5: =COUNTIFS(Isolates!$I$2:$I$128,$A5,Isolates!$O$2:$O$128,F$2,Isolates!$AG$2:$AG$128,"Yes") | G5: =COUNTIFS(Isolates!$I$2:$I$128,$A5,Isolates!$O$2:$O$128,G$2,Isolates!$AG$2:$AG$128,"Yes") | H5: =SUM(B5:G5) | I5: =COUNTIFS(Isolates!$I$2:$I$128,$A5,Isolates!$G$2:$G$128,"SRA Illumina PE reads",Isolates!$AG$2:$AG$128,"Yes")
A6: Democratic Republic of the Congo | B6: =COUNTIFS(Isolates!$I$2:$I$128,$A6,Isolates!$O$2:$O$128,B$2,Isolates!$AG$2:$AG$128,"Yes") | C6: =COUNTIFS(Isolates!$I$2:$I$128,$A6,Isolates!$O$2:$O$128,C$2,Isolates!$AG$2:$AG$128,"Yes") | D6: =COUNTIFS(Isolates!$I$2:$I$128,$A6,Isolates!$O$2:$O$128,D$2,Isolates!$AG$2:$AG$128,"Yes") | E6: =COUNTIFS(Isolates!$I$2:$I$128,$A6,Isolates!$O$2:$O$128,E$2,Isolates!$AG$2:$AG$128,"Yes") | F6: =COUNTIFS(Isolates!$I$2:$I$128,$A6,Isolates!$O$2:$O$128,F$2,Isolates!$AG$2:$AG$128,"Yes") | G6: =COUNTIFS(Isolates!$I$2:$I$128,$A6,Isolates!$O$2:$O$128,G$2,Isolates!$AG$2:$AG$128,"Yes") | H6: =SUM(B6:G6) | I6: =COUNTIFS(Isolates!$I$2:$I$128,$A6,Isolates!$G$2:$G$128,"SRA Illumina PE reads",Isolates!$AG$2:$AG$128,"Yes")
A7: Egypt | B7: =COUNTIFS(Isolates!$I$2:$I$128,$A7,Isolates!$O$2:$O$128,B$2,Isolates!$AG$2:$AG$128,"Yes") | C7: =COUNTIFS(Isolates!$I$2:$I$128,$A7,Isolates!$O$2:$O$128,C$2,Isolates!$AG$2:$AG$128,"Yes") | D7: =COUNTIFS(Isolates!$I$2:$I$128,$A7,Isolates!$O$2:$O$128,D$2,Isolates!$AG$2:$AG$128,"Yes") | E7: =COUNTIFS(Isolates!$I$2:$I$128,$A7,Isolates!$O$2:$O$128,E$2,Isolates!$AG$2:$AG$128,"Yes") | F7: =COUNTIFS(Isolates!$I$2:$I$128,$A7,Isolates!$O$2:$O$128,F$2,Isolates!$AG$2:$AG$128,"Yes") | G7: =COUNTIFS(Isolates!$I$2:$I$128,$A7,Isolates!$O$2:$O$128,G$2,Isolates!$AG$2:$AG$128,"Yes") | H7: =SUM(B7:G7) | I7: =COUNTIFS(Isolates!$I$2:$I$128,$A7,Isolates!$G$2:$G$128,"SRA Illumina PE reads",Isolates!$AG$2:$AG$128,"Yes")
A8: Ethiopia | B8: =COUNTIFS(Isolates!$I$2:$I$128,$A8,Isolates!$O$2:$O$128,B$2,Isolates!$AG$2:$AG$128,"Yes") | C8: =COUNTIFS(Isolates!$I$2:$I$128,$A8,Isolates!$O$2:$O$128,C$2,Isolates!$AG$2:$AG$128,"Yes") | D8: =COUNTIFS(Isolates!$I$2:$I$128,$A8,Isolates!$O$2:$O$128,D$2,Isolates!$AG$2:$AG$128,"Yes") | E8: =COUNTIFS(Isolates!$I$2:$I$128,$A8,Isolates!$O$2:$O$128,E$2,Isolates!$AG$2:$AG$128,"Yes") | F8: =COUNTIFS(Isolates!$I$2:$I$128,$A8,Isolates!$O$2:$O$128,F$2,Isolates!$AG$2:$AG$128,"Yes") | G8: =COUNTIFS(Isolates!$I$2:$I$128,$A8,Isolates!$O$2:$O$128,G$2,Isolates!$AG$2:$AG$128,"Yes") | H8: =SUM(B8:G8) | I8: =COUNTIFS(Isolates!$I$2:$I$128,$A8,Isolates!$G$2:$G$128,"SRA Illumina PE reads",Isolates!$AG$2:$AG$128,"Yes")
A9: Malawi | B9: =COUNTIFS(Isolates!$I$2:$I$128,$A9,Isolates!$O$2:$O$128,B$2,Isolates!$AG$2:$AG$128,"Yes") | C9: =COUNTIFS(Isolates!$I$2:$I$128,$A9,Isolates!$O$2:$O$128,C$2,Isolates!$AG$2:$AG$128,"Yes") | D9: =COUNTIFS(Isolates!$I$2:$I$128,$A9,Isolates!$O$2:$O$128,D$2,Isolates!$AG$2:$AG$128,"Yes") | E9: =COUNTIFS(Isolates!$I$2:$I$128,$A9,Isolates!$O$2:$O$128,E$2,Isolates!$AG$2:$AG$128,"Yes") | F9: =COUNTIFS(Isolates!$I$2:$I$128,$A9,Isolates!$O$2:$O$128,F$2,Isolates!$AG$2:$AG$128,"Yes") | G9: =COUNTIFS(Isolates!$I$2:$I$128,$A9,Isolates!$O$2:$O$128,G$2,Isolates!$AG$2:$AG$128,"Yes") | H9: =SUM(B9:G9) | I9: =COUNTIFS(Isolates!$I$2:$I$128,$A9,Isolates!$G$2:$G$128,"SRA Illumina PE reads",Isolates!$AG$2:$AG$128,"Yes")
A10: Morocco | B10: =COUNTIFS(Isolates!$I$2:$I$128,$A10,Isolates!$O$2:$O$128,B$2,Isolates!$AG$2:$AG$128,"Yes") | C10: =COUNTIFS(Isolates!$I$2:$I$128,$A10,Isolates!$O$2:$O$128,C$2,Isolates!$AG$2:$AG$128,"Yes") | D10: =COUNTIFS(Isolates!$I$2:$I$128,$A10,Isolates!$O$2:$O$128,D$2,Isolates!$AG$2:$AG$128,"Yes") | E10: =COUNTIFS(Isolates!$I$2:$I$128,$A10,Isolates!$O$2:$O$128,E$2,Isolates!$AG$2:$AG$128,"Yes") | F10: =COUNTIFS(Isolates!$I$2:$I$128,$A10,Isolates!$O$2:$O$128,F$2,Isolates!$AG$2:$AG$128,"Yes") | G10: =COUNTIFS(Isolates!$I$2:$I$128,$A10,Isolates!$O$2:$O$128,G$2,Isolates!$AG$2:$AG$128,"Yes") | H10: =SUM(B10:G10) | I10: =COUNTIFS(Isolates!$I$2:$I$128,$A10,Isolates!$G$2:$G$128,"SRA Illumina PE reads",Isolates!$AG$2:$AG$128,"Yes")
A11: Niger | B11: =COUNTIFS(Isolates!$I$2:$I$128,$A11,Isolates!$O$2:$O$128,B$2,Isolates!$AG$2:$AG$128,"Yes") | C11: =COUNTIFS(Isolates!$I$2:$I$128,$A11,Isolates!$O$2:$O$128,C$2,Isolates!$AG$2:$AG$128,"Yes") | D11: =COUNTIFS(Isolates!$I$2:$I$128,$A11,Isolates!$O$2:$O$128,D$2,Isolates!$AG$2:$AG$128,"Yes") | E11: =COUNTIFS(Isolates!$I$2:$I$128,$A11,Isolates!$O$2:$O$128,E$2,Isolates!$AG$2:$AG$128,"Yes") | F11: =COUNTIFS(Isolates!$I$2:$I$128,$A11,Isolates!$O$2:$O$128,F$2,Isolates!$AG$2:$AG$128,"Yes") | G11: =COUNTIFS(Isolates!$I$2:$I$128,$A11,Isolates!$O$2:$O$128,G$2,Isolates!$AG$2:$AG$128,"Yes") | H11: =SUM(B11:G11) | I11: =COUNTIFS(Isolates!$I$2:$I$128,$A11,Isolates!$G$2:$G$128,"SRA Illumina PE reads",Isolates!$AG$2:$AG$128,"Yes")
A12: Nigeria | B12: =COUNTIFS(Isolates!$I$2:$I$128,$A12,Isolates!$O$2:$O$128,B$2,Isolates!$AG$2:$AG$128,"Yes") | C12: =COUNTIFS(Isolates!$I$2:$I$128,$A12,Isolates!$O$2:$O$128,C$2,Isolates!$AG$2:$AG$128,"Yes") | D12: =COUNTIFS(Isolates!$I$2:$I$128,$A12,Isolates!$O$2:$O$128,D$2,Isolates!$AG$2:$AG$128,"Yes") | E12: =COUNTIFS(Isolates!$I$2:$I$128,$A12,Isolates!$O$2:$O$128,E$2,Isolates!$AG$2:$AG$128,"Yes") | F12: =COUNTIFS(Isolates!$I$2:$I$128,$A12,Isolates!$O$2:$O$128,F$2,Isolates!$AG$2:$AG$128,"Yes") | G12: =COUNTIFS(Isolates!$I$2:$I$128,$A12,Isolates!$O$2:$O$128,G$2,Isolates!$AG$2:$AG$128,"Yes") | H12: =SUM(B12:G12) | I12: =COUNTIFS(Isolates!$I$2:$I$128,$A12,Isolates!$G$2:$G$128,"SRA Illumina PE reads",Isolates!$AG$2:$AG$128,"Yes")
A13: Rwanda | B13: =COUNTIFS(Isolates!$I$2:$I$128,$A13,Isolates!$O$2:$O$128,B$2,Isolates!$AG$2:$AG$128,"Yes") | C13: =COUNTIFS(Isolates!$I$2:$I$128,$A13,Isolates!$O$2:$O$128,C$2,Isolates!$AG$2:$AG$128,"Yes") | D13: =COUNTIFS(Isolates!$I$2:$I$128,$A13,Isolates!$O$2:$O$128,D$2,Isolates!$AG$2:$AG$128,"Yes") | E13: =COUNTIFS(Isolates!$I$2:$I$128,$A13,Isolates!$O$2:$O$128,E$2,Isolates!$AG$2:$AG$128,"Yes") | F13: =COUNTIFS(Isolates!$I$2:$I$128,$A13,Isolates!$O$2:$O$128,F$2,Isolates!$AG$2:$AG$128,"Yes") | G13: =COUNTIFS(Isolates!$I$2:$I$128,$A13,Isolates!$O$2:$O$128,G$2,Isolates!$AG$2:$AG$128,"Yes") | H13: =SUM(B13:G13) | I13: =COUNTIFS(Isolates!$I$2:$I$128,$A13,Isolates!$G$2:$G$128,"SRA Illumina PE reads",Isolates!$AG$2:$AG$128,"Yes")
A14: South Africa | B14: =COUNTIFS(Isolates!$I$2:$I$128,$A14,Isolates!$O$2:$O$128,B$2,Isolates!$AG$2:$AG$128,"Yes") | C14: =COUNTIFS(Isolates!$I$2:$I$128,$A14,Isolates!$O$2:$O$128,C$2,Isolates!$AG$2:$AG$128,"Yes") | D14: =COUNTIFS(Isolates!$I$2:$I$128,$A14,Isolates!$O$2:$O$128,D$2,Isolates!$AG$2:$AG$128,"Yes") | E14: =COUNTIFS(Isolates!$I$2:$I$128,$A14,Isolates!$O$2:$O$128,E$2,Isolates!$AG$2:$AG$128,"Yes") | F14: =COUNTIFS(Isolates!$I$2:$I$128,$A14,Isolates!$O$2:$O$128,F$2,Isolates!$AG$2:$AG$128,"Yes") | G14: =COUNTIFS(Isolates!$I$2:$I$128,$A14,Isolates!$O$2:$O$128,G$2,Isolates!$AG$2:$AG$128,"Yes") | H14: =SUM(B14:G14) | I14: =COUNTIFS(Isolates!$I$2:$I$128,$A14,Isolates!$G$2:$G$128,"SRA Illumina PE reads",Isolates!$AG$2:$AG$128,"Yes")
... A18: Uganda | B18: =COUNTIFS(Isolates!$I$2:$I$128,$A18,Isolates!$O$2:$O$128,B$2,Isolates!$AG$2:$AG$128,"Yes") | C18: =COUNTIFS(Isolates!$I$2:$I$128,$A18,Isolates!$O$2:$O$128,C$2,Isolates!$AG$2:$AG$128,"Yes") | D18: =COUNTIFS(Isolates!$I$2:$I$128,$A18,Isolates!$O$2:$O$128,D$2,Isolates!$AG$2:$AG$128,"Yes") | E18: =COUNTIFS(Isolates!$I$2:$I$128,$A18,Isolates!$O$2:$O$128,E$2,Isolates!$AG$2:$AG$128,"Yes") | F18: =COUNTIFS(Isolates!$I$2:$I$128,$A18,Isolates!$O$2:$O$128,F$2,Isolates!$AG$2:$AG$128,"Yes") | G18: =COUNTIFS(Isolates!$I$2:$I$128,$A18,Isolates!$O$2:$O$128,G$2,Isolates!$AG$2:$AG$128,"Yes") | H18: =SUM(B18:G18) | I18: =COUNTIFS(Isolates!$I$2:$I$128,$A18,Isolates!$G$2:$G$128,"SRA Illumina PE reads",Isolates!$AG$2:$AG$128,"Yes")
A19: Total | B19: =SUM(B3:B18) | C19: =SUM(C3:C18) | D19: =SUM(D3:D18) | E19: =SUM(E3:E18) | F19: =SUM(F3:F18) | G19: =SUM(G3:G18) | H19: =SUM(H3:H18) | I19: =SUM(I3:I18)
A21: Analysed genomes by mcr variant and sector (a genome with two variants is counted under each)
A22: mcr variant | B22: Poultry | C22: Human | D22: Other animal | E22: Food (non-poultry) | F22: Environment | G22: Unspecified | H22: Total
A23: mcr-1 | B23: =COUNTIFS(Isolates!$AC$2:$AC$128,"*|"&$A23&"|*",Isolates!$O$2:$O$128,B$22,Isolates!$AG$2:$AG$128,"Yes") | C23: =COUNTIFS(Isolates!$AC$2:$AC$128,"*|"&$A23&"|*",Isolates!$O$2:$O$128,C$22,Isolates!$AG$2:$AG$128,"Yes") | D23: =COUNTIFS(Isolates!$AC$2:$AC$128,"*|"&$A23&"|*",Isolates!$O$2:$O$128,D$22,Isolates!$AG$2:$AG$128,"Yes") | E23: =COUNTIFS(Isolates!$AC$2:$AC$128,"*|"&$A23&"|*",Isolates!$O$2:$O$128,E$22,Isolates!$AG$2:$AG$128,"Yes") | F23: =COUNTIFS(Isolates!$AC$2:$AC$128,"*|"&$A23&"|*",Isolates!$O$2:$O$128,F$22,Isolates!$AG$2:$AG$128,"Yes") | G23: =COUNTIFS(Isolates!$AC$2:$AC$128,"*|"&$A23&"|*",Isolates!$O$2:$O$128,G$22,Isolates!$AG$2:$AG$128,"Yes") | H23: =SUM(B23:G23)
A24: mcr-1.1 | B24: =COUNTIFS(Isolates!$AC$2:$AC$128,"*|"&$A24&"|*",Isolates!$O$2:$O$128,B$22,Isolates!$AG$2:$AG$128,"Yes") | C24: =COUNTIFS(Isolates!$AC$2:$AC$128,"*|"&$A24&"|*",Isolates!$O$2:$O$128,C$22,Isolates!$AG$2:$AG$128,"Yes") | D24: =COUNTIFS(Isolates!$AC$2:$AC$128,"*|"&$A24&"|*",Isolates!$O$2:$O$128,D$22,Isolates!$AG$2:$AG$128,"Yes") | E24: =COUNTIFS(Isolates!$AC$2:$AC$128,"*|"&$A24&"|*",Isolates!$O$2:$O$128,E$22,Isolates!$AG$2:$AG$128,"Yes") | F24: =COUNTIFS(Isolates!$AC$2:$AC$128,"*|"&$A24&"|*",Isolates!$O$2:$O$128,F$22,Isolates!$AG$2:$AG$128,"Yes") | G24: =COUNTIFS(Isolates!$AC$2:$AC$128,"*|"&$A24&"|*",Isolates!$O$2:$O$128,G$22,Isolates!$AG$2:$AG$128,"Yes") | H24: =SUM(B24:G24)
A25: mcr-1.5 | B25: =COUNTIFS(Isolates!$AC$2:$AC$128,"*|"&$A25&"|*",Isolates!$O$2:$O$128,B$22,Isolates!$AG$2:$AG$128,"Yes") | C25: =COUNTIFS(Isolates!$AC$2:$AC$128,"*|"&$A25&"|*",Isolates!$O$2:$O$128,C$22,Isolates!$AG$2:$AG$128,"Yes") | D25: =COUNTIFS(Isolates!$AC$2:$AC$128,"*|"&$A25&"|*",Isolates!$O$2:$O$128,D$22,Isolates!$AG$2:$AG$128,"Yes") | E25: =COUNTIFS(Isolates!$AC$2:$AC$128,"*|"&$A25&"|*",Isolates!$O$2:$O$128,E$22,Isolates!$AG$2:$AG$128,"Yes") | F25: =COUNTIFS(Isolates!$AC$2:$AC$128,"*|"&$A25&"|*",Isolates!$O$2:$O$128,F$22,Isolates!$AG$2:$AG$128,"Yes") | G25: =COUNTIFS(Isolates!$AC$2:$AC$128,"*|"&$A25&"|*",Isolates!$O$2:$O$128,G$22,Isolates!$AG$2:$AG$128,"Yes") | H25: =SUM(B25:G25)
A26: mcr-9 | B26: =COUNTIFS(Isolates!$AC$2:$AC$128,"*|"&$A26&"|*",Isolates!$O$2:$O$128,B$22,Isolates!$AG$2:$AG$128,"Yes") | C26: =COUNTIFS(Isolates!$AC$2:$AC$128,"*|"&$A26&"|*",Isolates!$O$2:$O$128,C$22,Isolates!$AG$2:$AG$128,"Yes") | D26: =COUNTIFS(Isolates!$AC$2:$AC$128,"*|"&$A26&"|*",Isolates!$O$2:$O$128,D$22,Isolates!$AG$2:$AG$128,"Yes") | E26: =COUNTIFS(Isolates!$AC$2:$AC$128,"*|"&$A26&"|*",Isolates!$O$2:$O$128,E$22,Isolates!$AG$2:$AG$128,"Yes") | F26: =COUNTIFS(Isolates!$AC$2:$AC$128,"*|"&$A26&"|*",Isolates!$O$2:$O$128,F$22,Isolates!$AG$2:$AG$128,"Yes") | G26: =COUNTIFS(Isolates!$AC$2:$AC$128,"*|"&$A26&"|*",Isolates!$O$2:$O$128,G$22,Isolates!$AG$2:$AG$128,"Yes") | H26: =SUM(B26:G26)
A27: mcr-9.1 | B27: =COUNTIFS(Isolates!$AC$2:$AC$128,"*|"&$A27&"|*",Isolates!$O$2:$O$128,B$22,Isolates!$AG$2:$AG$128,"Yes") | C27: =COUNTIFS(Isolates!$AC$2:$AC$128,"*|"&$A27&"|*",Isolates!$O$2:$O$128,C$22,Isolates!$AG$2:$AG$128,"Yes") | D27: =COUNTIFS(Isolates!$AC$2:$AC$128,"*|"&$A27&"|*",Isolates!$O$2:$O$128,D$22,Isolates!$AG$2:$AG$128,"Yes") | E27: =COUNTIFS(Isolates!$AC$2:$AC$128,"*|"&$A27&"|*",Isolates!$O$2:$O$128,E$22,Isolates!$AG$2:$AG$128,"Yes") | F27: =COUNTIFS(Isolates!$AC$2:$AC$128,"*|"&$A27&"|*",Isolates!$O$2:$O$128,F$22,Isolates!$AG$2:$AG$128,"Yes") | G27: =COUNTIFS(Isolates!$AC$2:$AC$128,"*|"&$A27&"|*",Isolates!$O$2:$O$128,G$22,Isolates!$AG$2:$AG$128,"Yes") | H27: =SUM(B27:G27)
A28: mcr-9.2 | B28: =COUNTIFS(Isolates!$AC$2:$AC$128,"*|"&$A28&"|*",Isolates!$O$2:$O$128,B$22,Isolates!$AG$2:$AG$128,"Yes") | C28: =COUNTIFS(Isolates!$AC$2:$AC$128,"*|"&$A28&"|*",Isolates!$O$2:$O$128,C$22,Isolates!$AG$2:$AG$128,"Yes") | D28: =COUNTIFS(Isolates!$AC$2:$AC$128,"*|"&$A28&"|*",Isolates!$O$2:$O$128,D$22,Isolates!$AG$2:$AG$128,"Yes") | E28: =COUNTIFS(Isolates!$AC$2:$AC$128,"*|"&$A28&"|*",Isolates!$O$2:$O$128,E$22,Isolates!$AG$2:$AG$128,"Yes") | F28: =COUNTIFS(Isolates!$AC$2:$AC$128,"*|"&$A28&"|*",Isolates!$O$2:$O$128,F$22,Isolates!$AG$2:$AG$128,"Yes") | G28: =COUNTIFS(Isolates!$AC$2:$AC$128,"*|"&$A28&"|*",Isolates!$O$2:$O$128,G$22,Isolates!$AG$2:$AG$128,"Yes") | H28: =SUM(B28:G28)
A29: mcr-10.1 | B29: =COUNTIFS(Isolates!$AC$2:$AC$128,"*|"&$A29&"|*",Isolates!$O$2:$O$128,B$22,Isolates!$AG$2:$AG$128,"Yes") | C29: =COUNTIFS(Isolates!$AC$2:$AC$128,"*|"&$A29&"|*",Isolates!$O$2:$O$128,C$22,Isolates!$AG$2:$AG$128,"Yes") | D29: =COUNTIFS(Isolates!$AC$2:$AC$128,"*|"&$A29&"|*",Isolates!$O$2:$O$128,D$22,Isolates!$AG$2:$AG$128,"Yes") | E29: =COUNTIFS(Isolates!$AC$2:$AC$128,"*|"&$A29&"|*",Isolates!$O$2:$O$128,E$22,Isolates!$AG$2:$AG$128,"Yes") | F29: =COUNTIFS(Isolates!$AC$2:$AC$128,"*|"&$A29&"|*",Isolates!$O$2:$O$128,F$22,Isolates!$AG$2:$AG$128,"Yes") | G29: =COUNTIFS(Isolates!$AC$2:$AC$128,"*|"&$A29&"|*",Isolates!$O$2:$O$128,G$22,Isolates!$AG$2:$AG$128,"Yes") | H29: =SUM(B29:G29)
A30: Note: "mcr-1" and "mcr-9" without an allele number are AMRFinderPlus calls where the allele could not be resolved (partial or divergent hit).
A31: Retrieval and quality control
A32: Genomes retrieved for build PDG000000004.6345 | B32: 127
A33: Excluded: CheckM2 contamination above the 5% ceiling | B33: 1 | C33: Poultry farm environment | D33: Poultry drinking water | E33: Poultry meat/carcass | F33: Total
A34: Genomes analysed | B34: 126 | C34: =COUNTIFS(Isolates!$I$2:$I$128,$A34,Isolates!$P$2:$P$128,C$33,Isolates!$AG$2:$AG$128,"Yes") | D34: =COUNTIFS(Isolates!$I$2:$I$128,$A34,Isolates!$P$2:$P$128,D$33,Isolates!$AG$2:$AG$128,"Yes") | E34: =COUNTIFS(Isolates!$I$2:$I$128,$A34,Isolates!$P$2:$P$128,E$33,Isolates!$AG$2:$AG$128,"Yes") | F34: =SUM(B34:E34)
A35: Excluded accession | B35: GCA_015208565.1 (SAMN14219481), 6.00% contamination | C35: =COUNTIFS(Isolates!$I$2:$I$128,$A35,Isolates!$P$2:$P$128,C$33,Isolates!$AG$2:$AG$128,"Yes") | D35: =COUNTIFS(Isolates!$I$2:$I$128,$A35,Isolates!$P$2:$P$128,D$33,Isolates!$AG$2:$AG$128,"Yes") | E35: =COUNTIFS(Isolates!$I$2:$I$128,$A35,Isolates!$P$2:$P$128,E$33,Isolates!$AG$2:$AG$128,"Yes") | F35: =SUM(B35:E35)
A36: Egypt | B36: =COUNTIFS(Isolates!$I$2:$I$128,$A36,Isolates!$P$2:$P$128,B$33,Isolates!$AG$2:$AG$128,"Yes") | C36: =COUNTIFS(Isolates!$I$2:$I$128,$A36,Isolates!$P$2:$P$128,C$33,Isolates!$AG$2:$AG$128,"Yes") | D36: =COUNTIFS(Isolates!$I$2:$I$128,$A36,Isolates!$P$2:$P$128,D$33,Isolates!$AG$2:$AG$128,"Yes") | E36: =COUNTIFS(Isolates!$I$2:$I$128,$A36,Isolates!$P$2:$P$128,E$33,Isolates!$AG$2:$AG$128,"Yes") | F36: =SUM(B36:E36)
A37: Morocco | B37: =COUNTIFS(Isolates!$I$2:$I$128,$A37,Isolates!$P$2:$P$128,B$33,Isolates!$AG$2:$AG$128,"Yes") | C37: =COUNTIFS(Isolates!$I$2:$I$128,$A37,Isolates!$P$2:$P$128,C$33,Isolates!$AG$2:$AG$128,"Yes") | D37: =COUNTIFS(Isolates!$I$2:$I$128,$A37,Isolates!$P$2:$P$128,D$33,Isolates!$AG$2:$AG$128,"Yes") | E37: =COUNTIFS(Isolates!$I$2:$I$128,$A37,Isolates!$P$2:$P$128,E$33,Isolates!$AG$2:$AG$128,"Yes") | F37: =SUM(B37:E37)
A38: Nigeria | B38: =COUNTIFS(Isolates!$I$2:$I$128,$A38,Isolates!$P$2:$P$128,B$33,Isolates!$AG$2:$AG$128,"Yes") | C38: =COUNTIFS(Isolates!$I$2:$I$128,$A38,Isolates!$P$2:$P$128,C$33,Isolates!$AG$2:$AG$128,"Yes") | D38: =COUNTIFS(Isolates!$I$2:$I$128,$A38,Isolates!$P$2:$P$128,D$33,Isolates!$AG$2:$AG$128,"Yes") | E38: =COUNTIFS(Isolates!$I$2:$I$128,$A38,Isolates!$P$2:$P$128,E$33,Isolates!$AG$2:$AG$128,"Yes") | F38: =SUM(B38:E38)
A39: Tanzania | B39: =COUNTIFS(Isolates!$I$2:$I$128,$A39,Isolates!$P$2:$P$128,B$33,Isolates!$AG$2:$AG$128,"Yes") | C39: =COUNTIFS(Isolates!$I$2:$I$128,$A39,Isolates!$P$2:$P$128,C$33,Isolates!$AG$2:$AG$128,"Yes") | D39: =COUNTIFS(Isolates!$I$2:$I$128,$A39,Isolates!$P$2:$P$128,D$33,Isolates!$AG$2:$AG$128,"Yes") | E39: =COUNTIFS(Isolates!$I$2:$I$128,$A39,Isolates!$P$2:$P$128,E$33,Isolates!$AG$2:$AG$128,"Yes") | F39: =SUM(B39:E39)
A40: Uganda | B40: =COUNTIFS(Isolates!$I$2:$I$128,$A40,Isolates!$P$2:$P$128,B$33,Isolates!$AG$2:$AG$128,"Yes") | C40: =COUNTIFS(Isolates!$I$2:$I$128,$A40,Isolates!$P$2:$P$128,C$33,Isolates!$AG$2:$AG$128,"Yes") | D40: =COUNTIFS(Isolates!$I$2:$I$128,$A40,Isolates!$P$2:$P$128,D$33,Isolates!$AG$2:$AG$128,"Yes") | E40: =COUNTIFS(Isolates!$I$2:$I$128,$A40,Isolates!$P$2:$P$128,E$33,Isolates!$AG$2:$AG$128,"Yes") | F40: =SUM(B40:E40)
A42: Genomes by sequence type (Achtman) and sector, STs seen in two or more genomes
A43: ST | B43: Poultry | C43: Human | D43: Other animal | E43: Food (non-poultry) | F43: Environment | G43: Unspecified | H43: Total
A44: 46 | B44: =COUNTIFS(Isolates!$Z$2:$Z$128,$A44,Isolates!$O$2:$O$128,B$43,Isolates!$AG$2:$AG$128,"Yes") | C44: =COUNTIFS(Isolates!$Z$2:$Z$128,$A44,Isolates!$O$2:$O$128,C$43,Isolates!$AG$2:$AG$128,"Yes") | D44: =COUNTIFS(Isolates!$Z$2:$Z$128,$A44,Isolates!$O$2:$O$128,D$43,Isolates!$AG$2:$AG$128,"Yes") | E44: =COUNTIFS(Isolates!$Z$2:$Z$128,$A44,Isolates!$O$2:$O$128,E$43,Isolates!$AG$2:$AG$128,"Yes") | F44: =COUNTIFS(Isolates!$Z$2:$Z$128,$A44,Isolates!$O$2:$O$128,F$43,Isolates!$AG$2:$AG$128,"Yes") | G44: =COUNTIFS(Isolates!$Z$2:$Z$128,$A44,Isolates!$O$2:$O$128,G$43,Isolates!$AG$2:$AG$128,"Yes") | H44: =SUM(B44:G44)
A45: 155 | B45: =COUNTIFS(Isolates!$Z$2:$Z$128,$A45,Isolates!$O$2:$O$128,B$43,Isolates!$AG$2:$AG$128,"Yes") | C45: =COUNTIFS(Isolates!$Z$2:$Z$128,$A45,Isolates!$O$2:$O$128,C$43,Isolates!$AG$2:$AG$128,"Yes") | D45: =COUNTIFS(Isolates!$Z$2:$Z$128,$A45,Isolates!$O$2:$O$128,D$43,Isolates!$AG$2:$AG$128,"Yes") | E45: =COUNTIFS(Isolates!$Z$2:$Z$128,$A45,Isolates!$O$2:$O$128,E$43,Isolates!$AG$2:$AG$128,"Yes") | F45: =COUNTIFS(Isolates!$Z$2:$Z$128,$A45,Isolates!$O$2:$O$128,F$43,Isolates!$AG$2:$AG$128,"Yes") | G45: =COUNTIFS(Isolates!$Z$2:$Z$128,$A45,Isolates!$O$2:$O$128,G$43,Isolates!$AG$2:$AG$128,"Yes") | H45: =SUM(B45:G45)
A46: 162 | B46: =COUNTIFS(Isolates!$Z$2:$Z$128,$A46,Isolates!$O$2:$O$128,B$43,Isolates!$AG$2:$AG$128,"Yes") | C46: =COUNTIFS(Isolates!$Z$2:$Z$128,$A46,Isolates!$O$2:$O$128,C$43,Isolates!$AG$2:$AG$128,"Yes") | D46: =COUNTIFS(Isolates!$Z$2:$Z$128,$A46,Isolates!$O$2:$O$128,D$43,Isolates!$AG$2:$AG$128,"Yes") | E46: =COUNTIFS(Isolates!$Z$2:$Z$128,$A46,Isolates!$O$2:$O$128,E$43,Isolates!$AG$2:$AG$128,"Yes") | F46: =COUNTIFS(Isolates!$Z$2:$Z$128,$A46,Isolates!$O$2:$O$128,F$43,Isolates!$AG$2:$AG$128,"Yes") | G46: =COUNTIFS(Isolates!$Z$2:$Z$128,$A46,Isolates!$O$2:$O$128,G$43,Isolates!$AG$2:$AG$128,"Yes") | H46: =SUM(B46:G46)
A47: 10 | B47: =COUNTIFS(Isolates!$Z$2:$Z$128,$A47,Isolates!$O$2:$O$128,B$43,Isolates!$AG$2:$AG$128,"Yes") | C47: =COUNTIFS(Isolates!$Z$2:$Z$128,$A47,Isolates!$O$2:$O$128,C$43,Isolates!$AG$2:$AG$128,"Yes") | D47: =COUNTIFS(Isolates!$Z$2:$Z$128,$A47,Isolates!$O$2:$O$128,D$43,Isolates!$AG$2:$AG$128,"Yes") | E47: =COUNTIFS(Isolates!$Z$2:$Z$128,$A47,Isolates!$O$2:$O$128,E$43,Isolates!$AG$2:$AG$128,"Yes") | F47: =COUNTIFS(Isolates!$Z$2:$Z$128,$A47,Isolates!$O$2:$O$128,F$43,Isolates!$AG$2:$AG$128,"Yes") | G47: =COUNTIFS(Isolates!$Z$2:$Z$128,$A47,Isolates!$O$2:$O$128,G$43,Isolates!$AG$2:$AG$128,"Yes") | H47: =SUM(B47:G47)
A48: 69 | B48: =COUNTIFS(Isolates!$Z$2:$Z$128,$A48,Isolates!$O$2:$O$128,B$43,Isolates!$AG$2:$AG$128,"Yes") | C48: =COUNTIFS(Isolates!$Z$2:$Z$128,$A48,Isolates!$O$2:$O$128,C$43,Isolates!$AG$2:$AG$128,"Yes") | D48: =COUNTIFS(Isolates!$Z$2:$Z$128,$A48,Isolates!$O$2:$O$128,D$43,Isolates!$AG$2:$AG$128,"Yes") | E48: =COUNTIFS(Isolates!$Z$2:$Z$128,$A48,Isolates!$O$2:$O$128,E$43,Isolates!$AG$2:$AG$128,"Yes") | F48: =COUNTIFS(Isolates!$Z$2:$Z$128,$A48,Isolates!$O$2:$O$128,F$43,Isolates!$AG$2:$AG$128,"Yes") | G48: =COUNTIFS(Isolates!$Z$2:$Z$128,$A48,Isolates!$O$2:$O$128,G$43,Isolates!$AG$2:$AG$128,"Yes") | H48: =SUM(B48:G48)
A49: 117 | B49: =COUNTIFS(Isolates!$Z$2:$Z$128,$A49,Isolates!$O$2:$O$128,B$43,Isolates!$AG$2:$AG$128,"Yes") | C49: =COUNTIFS(Isolates!$Z$2:$Z$128,$A49,Isolates!$O$2:$O$128,C$43,Isolates!$AG$2:$AG$128,"Yes") | D49: =COUNTIFS(Isolates!$Z$2:$Z$128,$A49,Isolates!$O$2:$O$128,D$43,Isolates!$AG$2:$AG$128,"Yes") | E49: =COUNTIFS(Isolates!$Z$2:$Z$128,$A49,Isolates!$O$2:$O$128,E$43,Isolates!$AG$2:$AG$128,"Yes") | F49: =COUNTIFS(Isolates!$Z$2:$Z$128,$A49,Isolates!$O$2:$O$128,F$43,Isolates!$AG$2:$AG$128,"Yes") | G49: =COUNTIFS(Isolates!$Z$2:$Z$128,$A49,Isolates!$O$2:$O$128,G$43,Isolates!$AG$2:$AG$128,"Yes") | H49: =SUM(B49:G49)
A50: 224 | B50: =COUNTIFS(Isolates!$Z$2:$Z$128,$A50,Isolates!$O$2:$O$128,B$43,Isolates!$AG$2:$AG$128,"Yes") | C50: =COUNTIFS(Isolates!$Z$2:$Z$128,$A50,Isolates!$O$2:$O$128,C$43,Isolates!$AG$2:$AG$128,"Yes") | D50: =COUNTIFS(Isolates!$Z$2:$Z$128,$A50,Isolates!$O$2:$O$128,D$43,Isolates!$AG$2:$AG$128,"Yes") | E50: =COUNTIFS(Isolates!$Z$2:$Z$128,$A50,Isolates!$O$2:$O$128,E$43,Isolates!$AG$2:$AG$128,"Yes") | F50: =COUNTIFS(Isolates!$Z$2:$Z$128,$A50,Isolates!$O$2:$O$128,F$43,Isolates!$AG$2:$AG$128,"Yes") | G50: =COUNTIFS(Isolates!$Z$2:$Z$128,$A50,Isolates!$O$2:$O$128,G$43,Isolates!$AG$2:$AG$128,"Yes") | H50: =SUM(B50:G50)
A51: 616 | B51: =COUNTIFS(Isolates!$Z$2:$Z$128,$A51,Isolates!$O$2:$O$128,B$43,Isolates!$AG$2:$AG$128,"Yes") | C51: =COUNTIFS(Isolates!$Z$2:$Z$128,$A51,Isolates!$O$2:$O$128,C$43,Isolates!$AG$2:$AG$128,"Yes") | D51: =COUNTIFS(Isolates!$Z$2:$Z$128,$A51,Isolates!$O$2:$O$128,D$43,Isolates!$AG$2:$AG$128,"Yes") | E51: =COUNTIFS(Isolates!$Z$2:$Z$128,$A51,Isolates!$O$2:$O$128,E$43,Isolates!$AG$2:$AG$128,"Yes") | F51: =COUNTIFS(Isolates!$Z$2:$Z$128,$A51,Isolates!$O$2:$O$128,F$43,Isolates!$AG$2:$AG$128,"Yes") | G51: =COUNTIFS(Isolates!$Z$2:$Z$128,$A51,Isolates!$O$2:$O$128,G$43,Isolates!$AG$2:$AG$128,"Yes") | H51: =SUM(B51:G51)
A52: 3941 | B52: =COUNTIFS(Isolates!$Z$2:$Z$128,$A52,Isolates!$O$2:$O$128,B$43,Isolates!$AG$2:$AG$128,"Yes") | C52: =COUNTIFS(Isolates!$Z$2:$Z$128,$A52,Isolates!$O$2:$O$128,C$43,Isolates!$AG$2:$AG$128,"Yes") | D52: =COUNTIFS(Isolates!$Z$2:$Z$128,$A52,Isolates!$O$2:$O$128,D$43,Isolates!$AG$2:$AG$128,"Yes") | E52: =COUNTIFS(Isolates!$Z$2:$Z$128,$A52,Isolates!$O$2:$O$128,E$43,Isolates!$AG$2:$AG$128,"Yes") | F52: =COUNTIFS(Isolates!$Z$2:$Z$128,$A52,Isolates!$O$2:$O$128,F$43,Isolates!$AG$2:$AG$128,"Yes") | G52: =COUNTIFS(Isolates!$Z$2:$Z$128,$A52,Isolates!$O$2:$O$128,G$43,Isolates!$AG$2:$AG$128,"Yes") | H52: =SUM(B52:G52)
A53: 226 | B53: =COUNTIFS(Isolates!$Z$2:$Z$128,$A53,Isolates!$O$2:$O$128,B$43,Isolates!$AG$2:$AG$128,"Yes") | C53: =COUNTIFS(Isolates!$Z$2:$Z$128,$A53,Isolates!$O$2:$O$128,C$43,Isolates!$AG$2:$AG$128,"Yes") | D53: =COUNTIFS(Isolates!$Z$2:$Z$128,$A53,Isolates!$O$2:$O$128,D$43,Isolates!$AG$2:$AG$128,"Yes") | E53: =COUNTIFS(Isolates!$Z$2:$Z$128,$A53,Isolates!$O$2:$O$128,E$43,Isolates!$AG$2:$AG$128,"Yes") | F53: =COUNTIFS(Isolates!$Z$2:$Z$128,$A53,Isolates!$O$2:$O$128,F$43,Isolates!$AG$2:$AG$128,"Yes") | G53: =COUNTIFS(Isolates!$Z$2:$Z$128,$A53,Isolates!$O$2:$O$128,G$43,Isolates!$AG$2:$AG$128,"Yes") | H53: =SUM(B53:G53)
A54: 101 | B54: =COUNTIFS(Isolates!$Z$2:$Z$128,$A54,Isolates!$O$2:$O$128,B$43,Isolates!$AG$2:$AG$128,"Yes") | C54: =COUNTIFS(Isolates!$Z$2:$Z$128,$A54,Isolates!$O$2:$O$128,C$43,Isolates!$AG$2:$AG$128,"Yes") | D54: =COUNTIFS(Isolates!$Z$2:$Z$128,$A54,Isolates!$O$2:$O$128,D$43,Isolates!$AG$2:$AG$128,"Yes") | E54: =COUNTIFS(Isolates!$Z$2:$Z$128,$A54,Isolates!$O$2:$O$128,E$43,Isolates!$AG$2:$AG$128,"Yes") | F54: =COUNTIFS(Isolates!$Z$2:$Z$128,$A54,Isolates!$O$2:$O$128,F$43,Isolates!$AG$2:$AG$128,"Yes") | G54: =COUNTIFS(Isolates!$Z$2:$Z$128,$A54,Isolates!$O$2:$O$128,G$43,Isolates!$AG$2:$AG$128,"Yes") | H54: =SUM(B54:G54)
A55: 93 | B55: =COUNTIFS(Isolates!$Z$2:$Z$128,$A55,Isolates!$O$2:$O$128,B$43,Isolates!$AG$2:$AG$128,"Yes") | C55: =COUNTIFS(Isolates!$Z$2:$Z$128,$A55,Isolates!$O$2:$O$128,C$43,Isolates!$AG$2:$AG$128,"Yes") | D55: =COUNTIFS(Isolates!$Z$2:$Z$128,$A55,Isolates!$O$2:$O$128,D$43,Isolates!$AG$2:$AG$128,"Yes") | E55: =COUNTIFS(Isolates!$Z$2:$Z$128,$A55,Isolates!$O$2:$O$128,E$43,Isolates!$AG$2:$AG$128,"Yes") | F55: =COUNTIFS(Isolates!$Z$2:$Z$128,$A55,Isolates!$O$2:$O$128,F$43,Isolates!$AG$2:$AG$128,"Yes") | G55: =COUNTIFS(Isolates!$Z$2:$Z$128,$A55,Isolates!$O$2:$O$128,G$43,Isolates!$AG$2:$AG$128,"Yes") | H55: =SUM(B55:G55)
... A69: 9697 | B69: =COUNTIFS(Isolates!$Z$2:$Z$128,$A69,Isolates!$O$2:$O$128,B$43,Isolates!$AG$2:$AG$128,"Yes") | C69: =COUNTIFS(Isolates!$Z$2:$Z$128,$A69,Isolates!$O$2:$O$128,C$43,Isolates!$AG$2:$AG$128,"Yes") | D69: =COUNTIFS(Isolates!$Z$2:$Z$128,$A69,Isolates!$O$2:$O$128,D$43,Isolates!$AG$2:$AG$128,"Yes") | E69: =COUNTIFS(Isolates!$Z$2:$Z$128,$A69,Isolates!$O$2:$O$128,E$43,Isolates!$AG$2:$AG$128,"Yes") | F69: =COUNTIFS(Isolates!$Z$2:$Z$128,$A69,Isolates!$O$2:$O$128,F$43,Isolates!$AG$2:$AG$128,"Yes") | G69: =COUNTIFS(Isolates!$Z$2:$Z$128,$A69,Isolates!$O$2:$O$128,G$43,Isolates!$AG$2:$AG$128,"Yes") | H69: =SUM(B69:G69)
A70: Untypeable | B70: =COUNTIFS(Isolates!$Z$2:$Z$128,$A70,Isolates!$O$2:$O$128,B$43,Isolates!$AG$2:$AG$128,"Yes") | C70: =COUNTIFS(Isolates!$Z$2:$Z$128,$A70,Isolates!$O$2:$O$128,C$43,Isolates!$AG$2:$AG$128,"Yes") | D70: =COUNTIFS(Isolates!$Z$2:$Z$128,$A70,Isolates!$O$2:$O$128,D$43,Isolates!$AG$2:$AG$128,"Yes") | E70: =COUNTIFS(Isolates!$Z$2:$Z$128,$A70,Isolates!$O$2:$O$128,E$43,Isolates!$AG$2:$AG$128,"Yes") | F70: =COUNTIFS(Isolates!$Z$2:$Z$128,$A70,Isolates!$O$2:$O$128,F$43,Isolates!$AG$2:$AG$128,"Yes") | G70: =COUNTIFS(Isolates!$Z$2:$Z$128,$A70,Isolates!$O$2:$O$128,G$43,Isolates!$AG$2:$AG$128,"Yes") | H70: =SUM(B70:G70)
A71: Other STs (single genome) | B71: =COUNTIFS(Isolates!$O$2:$O$128,B$43,Isolates!$Z$2:$Z$128,"<>")-SUM(B44:B70,Isolates!$AG$2:$AG$128,"Yes") | C71: =COUNTIFS(Isolates!$O$2:$O$128,C$43,Isolates!$Z$2:$Z$128,"<>")-SUM(C44:C70,Isolates!$AG$2:$AG$128,"Yes") | D71: =COUNTIFS(Isolates!$O$2:$O$128,D$43,Isolates!$Z$2:$Z$128,"<>")-SUM(D44:D70,Isolates!$AG$2:$AG$128,"Yes") | E71: =COUNTIFS(Isolates!$O$2:$O$128,E$43,Isolates!$Z$2:$Z$128,"<>")-SUM(E44:E70,Isolates!$AG$2:$AG$128,"Yes") | F71: =COUNTIFS(Isolates!$O$2:$O$128,F$43,Isolates!$Z$2:$Z$128,"<>")-SUM(F44:F70,Isolates!$AG$2:$AG$128,"Yes") | G71: =COUNTIFS(Isolates!$O$2:$O$128,G$43,Isolates!$Z$2:$Z$128,"<>")-SUM(G44:G70,Isolates!$AG$2:$AG$128,"Yes") | H71: =SUM(B71:G71)
A72: Total typed or untypeable | B72: =SUM(B44:B71) | C72: =SUM(C44:C71) | D72: =SUM(D44:D71) | E72: =SUM(E44:E71) | F72: =SUM(F44:F71) | G72: =SUM(G44:G71) | H72: =SUM(H44:H71)
A74: Genomes by plasmid replicon linked to mcr and sector
A75: Replicon | B75: Poultry | C75: Human | D75: Other animal | E75: Food (non-poultry) | F75: Environment | G75: Unspecified | H75: Total
A76: IncI2 | B76: =COUNTIFS(Isolates!$AA$2:$AA$128,"*IncI2*",Isolates!$O$2:$O$128,B$75,Isolates!$AG$2:$AG$128,"Yes") | C76: =COUNTIFS(Isolates!$AA$2:$AA$128,"*IncI2*",Isolates!$O$2:$O$128,C$75,Isolates!$AG$2:$AG$128,"Yes") | D76: =COUNTIFS(Isolates!$AA$2:$AA$128,"*IncI2*",Isolates!$O$2:$O$128,D$75,Isolates!$AG$2:$AG$128,"Yes") | E76: =COUNTIFS(Isolates!$AA$2:$AA$128,"*IncI2*",Isolates!$O$2:$O$128,E$75,Isolates!$AG$2:$AG$128,"Yes") | F76: =COUNTIFS(Isolates!$AA$2:$AA$128,"*IncI2*",Isolates!$O$2:$O$128,F$75,Isolates!$AG$2:$AG$128,"Yes") | G76: =COUNTIFS(Isolates!$AA$2:$AA$128,"*IncI2*",Isolates!$O$2:$O$128,G$75,Isolates!$AG$2:$AG$128,"Yes") | H76: =SUM(B76:G76)
A77: IncX4 | B77: =COUNTIFS(Isolates!$AA$2:$AA$128,"*IncX4*",Isolates!$O$2:$O$128,B$75,Isolates!$AG$2:$AG$128,"Yes") | C77: =COUNTIFS(Isolates!$AA$2:$AA$128,"*IncX4*",Isolates!$O$2:$O$128,C$75,Isolates!$AG$2:$AG$128,"Yes") | D77: =COUNTIFS(Isolates!$AA$2:$AA$128,"*IncX4*",Isolates!$O$2:$O$128,D$75,Isolates!$AG$2:$AG$128,"Yes") | E77: =COUNTIFS(Isolates!$AA$2:$AA$128,"*IncX4*",Isolates!$O$2:$O$128,E$75,Isolates!$AG$2:$AG$128,"Yes") | F77: =COUNTIFS(Isolates!$AA$2:$AA$128,"*IncX4*",Isolates!$O$2:$O$128,F$75,Isolates!$AG$2:$AG$128,"Yes") | G77: =COUNTIFS(Isolates!$AA$2:$AA$128,"*IncX4*",Isolates!$O$2:$O$128,G$75,Isolates!$AG$2:$AG$128,"Yes") | H77: =SUM(B77:G77)
A78: IncHI2 | B78: =COUNTIFS(Isolates!$AA$2:$AA$128,"*IncHI2*",Isolates!$O$2:$O$128,B$75,Isolates!$AG$2:$AG$128,"Yes") | C78: =COUNTIFS(Isolates!$AA$2:$AA$128,"*IncHI2*",Isolates!$O$2:$O$128,C$75,Isolates!$AG$2:$AG$128,"Yes") | D78: =COUNTIFS(Isolates!$AA$2:$AA$128,"*IncHI2*",Isolates!$O$2:$O$128,D$75,Isolates!$AG$2:$AG$128,"Yes") | E78: =COUNTIFS(Isolates!$AA$2:$AA$128,"*IncHI2*",Isolates!$O$2:$O$128,E$75,Isolates!$AG$2:$AG$128,"Yes") | F78: =COUNTIFS(Isolates!$AA$2:$AA$128,"*IncHI2*",Isolates!$O$2:$O$128,F$75,Isolates!$AG$2:$AG$128,"Yes") | G78: =COUNTIFS(Isolates!$AA$2:$AA$128,"*IncHI2*",Isolates!$O$2:$O$128,G$75,Isolates!$AG$2:$AG$128,"Yes") | H78: =SUM(B78:G78)
A79: IncHI1 | B79: =COUNTIFS(Isolates!$AA$2:$AA$128,"*IncHI1*",Isolates!$O$2:$O$128,B$75,Isolates!$AG$2:$AG$128,"Yes") | C79: =COUNTIFS(Isolates!$AA$2:$AA$128,"*IncHI1*",Isolates!$O$2:$O$128,C$75,Isolates!$AG$2:$AG$128,"Yes") | D79: =COUNTIFS(Isolates!$AA$2:$AA$128,"*IncHI1*",Isolates!$O$2:$O$128,D$75,Isolates!$AG$2:$AG$128,"Yes") | E79: =COUNTIFS(Isolates!$AA$2:$AA$128,"*IncHI1*",Isolates!$O$2:$O$128,E$75,Isolates!$AG$2:$AG$128,"Yes") | F79: =COUNTIFS(Isolates!$AA$2:$AA$128,"*IncHI1*",Isolates!$O$2:$O$128,F$75,Isolates!$AG$2:$AG$128,"Yes") | G79: =COUNTIFS(Isolates!$AA$2:$AA$128,"*IncHI1*",Isolates!$O$2:$O$128,G$75,Isolates!$AG$2:$AG$128,"Yes") | H79: =SUM(B79:G79)
A80: IncF (FII/FIB/FIA) | B80: =COUNTIFS(Isolates!$AA$2:$AA$128,"*IncF*",Isolates!$O$2:$O$128,B$75,Isolates!$AG$2:$AG$128,"Yes") | C80: =COUNTIFS(Isolates!$AA$2:$AA$128,"*IncF*",Isolates!$O$2:$O$128,C$75,Isolates!$AG$2:$AG$128,"Yes") | D80: =COUNTIFS(Isolates!$AA$2:$AA$128,"*IncF*",Isolates!$O$2:$O$128,D$75,Isolates!$AG$2:$AG$128,"Yes") | E80: =COUNTIFS(Isolates!$AA$2:$AA$128,"*IncF*",Isolates!$O$2:$O$128,E$75,Isolates!$AG$2:$AG$128,"Yes") | F80: =COUNTIFS(Isolates!$AA$2:$AA$128,"*IncF*",Isolates!$O$2:$O$128,F$75,Isolates!$AG$2:$AG$128,"Yes") | G80: =COUNTIFS(Isolates!$AA$2:$AA$128,"*IncF*",Isolates!$O$2:$O$128,G$75,Isolates!$AG$2:$AG$128,"Yes") | H80: =SUM(B80:G80)
A81: Other rep cluster (no Inc type) | B81: =COUNTIFS(Isolates!$AA$2:$AA$128,"rep_cluster*",Isolates!$O$2:$O$128,B$75,Isolates!$AG$2:$AG$128,"Yes") | C81: =COUNTIFS(Isolates!$AA$2:$AA$128,"rep_cluster*",Isolates!$O$2:$O$128,C$75,Isolates!$AG$2:$AG$128,"Yes") | D81: =COUNTIFS(Isolates!$AA$2:$AA$128,"rep_cluster*",Isolates!$O$2:$O$128,D$75,Isolates!$AG$2:$AG$128,"Yes") | E81: =COUNTIFS(Isolates!$AA$2:$AA$128,"rep_cluster*",Isolates!$O$2:$O$128,E$75,Isolates!$AG$2:$AG$128,"Yes") | F81: =COUNTIFS(Isolates!$AA$2:$AA$128,"rep_cluster*",Isolates!$O$2:$O$128,F$75,Isolates!$AG$2:$AG$128,"Yes") | G81: =COUNTIFS(Isolates!$AA$2:$AA$128,"rep_cluster*",Isolates!$O$2:$O$128,G$75,Isolates!$AG$2:$AG$128,"Yes") | H81: =SUM(B81:G81)
A82: Plasmid, no replicon detected | B82: =COUNTIFS(Isolates!$AA$2:$AA$128,"Plasmid, no replicon*",Isolates!$O$2:$O$128,B$75,Isolates!$AG$2:$AG$128,"Yes") | C82: =COUNTIFS(Isolates!$AA$2:$AA$128,"Plasmid, no replicon*",Isolates!$O$2:$O$128,C$75,Isolates!$AG$2:$AG$128,"Yes") | D82: =COUNTIFS(Isolates!$AA$2:$AA$128,"Plasmid, no replicon*",Isolates!$O$2:$O$128,D$75,Isolates!$AG$2:$AG$128,"Yes") | E82: =COUNTIFS(Isolates!$AA$2:$AA$128,"Plasmid, no replicon*",Isolates!$O$2:$O$128,E$75,Isolates!$AG$2:$AG$128,"Yes") | F82: =COUNTIFS(Isolates!$AA$2:$AA$128,"Plasmid, no replicon*",Isolates!$O$2:$O$128,F$75,Isolates!$AG$2:$AG$128,"Yes") | G82: =COUNTIFS(Isolates!$AA$2:$AA$128,"Plasmid, no replicon*",Isolates!$O$2:$O$128,G$75,Isolates!$AG$2:$AG$128,"Yes") | H82: =SUM(B82:G82)
A83: Chromosomal or unresolved | B83: =COUNTIFS(Isolates!$AA$2:$AA$128,"Chromosomal*",Isolates!$O$2:$O$128,B$75,Isolates!$AG$2:$AG$128,"Yes") | C83: =COUNTIFS(Isolates!$AA$2:$AA$128,"Chromosomal*",Isolates!$O$2:$O$128,C$75,Isolates!$AG$2:$AG$128,"Yes") | D83: =COUNTIFS(Isolates!$AA$2:$AA$128,"Chromosomal*",Isolates!$O$2:$O$128,D$75,Isolates!$AG$2:$AG$128,"Yes") | E83: =COUNTIFS(Isolates!$AA$2:$AA$128,"Chromosomal*",Isolates!$O$2:$O$128,E$75,Isolates!$AG$2:$AG$128,"Yes") | F83: =COUNTIFS(Isolates!$AA$2:$AA$128,"Chromosomal*",Isolates!$O$2:$O$128,F$75,Isolates!$AG$2:$AG$128,"Yes") | G83: =COUNTIFS(Isolates!$AA$2:$AA$128,"Chromosomal*",Isolates!$O$2:$O$128,G$75,Isolates!$AG$2:$AG$128,"Yes") | H83: =SUM(B83:G83)
A85: Note: ST and replicon columns were filled from the Galaxy_results sheet. Rows beyond genome 118 were added by the corrected retrieval in v2 and typed in the Galaxy history "mcr Africa D typing".

Sheet Isolates
A1: PD target | B1: BioSample | C1: BioProject | D1: Assembly (GCA) | E1: SRA Illumina PE run(s) | F1: Long-read run(s) | G1: Recommended Galaxy input | H1: Strain | I1: Country | J1: Sub-national location | K1: Year | L1: Collection date (as submitted) | M1: Host (as submitted) | N1: Isolation source (as submitted) | O1: Sector (derived) | P1: Poultry niche (derived) | Q1: PD epi_type | R1: mcr variant(s) | S1: >1 mcr call | T1: CTX-M allele(s) | U1: Carbapenemase gene(s) | V1: pmrB mutation(s) | W1: Contigs (PD assembly) | X1: No. acquired AMR genes | Y1: AMRFinderPlus genotype (PD, intrinsic genes removed) | Z1: ST (Achtman) - to fill | AA1: Plasmid replicon carrying mcr - to fill | AB1: Notes - to fill | AC1: mcr key (helper) | AD1: CheckM2 completeness (%) | AE1: CheckM2 contamination (%) | AF1: IS30-family element on mcr contig | AG1: Included in analysis | AH1: Reason for exclusion
A2: PDT003403345.1 | B2: SAMEA123453495 | C2: PRJEB126541 | D2: GCA_988286365.1 | G2: GenBank assembly (no reads) | I2: Algeria | K2: 2025 | L2: 2025 | O2: Unspecified | R2: mcr-1.1 | W2: 10 | X2: 15 | Y2: aadA1 aadA2 ant(3'')-Ia aph(3')-Ia blaTEM-1 cmlA1 dfrA12 floR fosA4 gyrA_D87N gyrA_S83L lnu(F) mcr-1.1 mph(A) parC_S80I parE_S458A qnrS1 sul3 tet(A) | Z2: 410 | AA2: IncI2 | AB2: Assembly not in NCBI Datasets; downloaded from ENA (10 contigs, 5.36 Mb). | AC2: |mcr-1.1| | AD2: 100 | AE2: 0.1 | AF2: no | AG2: Yes
A3: PDT003351203.1 | B3: SAMEA115598817 | C3: PRJEB71867 | E3: ERR13133321 | G3: SRA Illumina PE reads | I3: Egypt | K3: 2019 | L3: 2019 | M3: Homo sapiens | N3: human | O3: Human | Q3: clinical | R3: mcr-1.1 | T3: blaCTX-M-14 | U3: blaOXA-48 | W3: 160 | X3: 9 | Y3: aac(3)-IId aph(3'')-Ib aph(6)-Id blaCTX-M-14 blaOXA-48 blaTEM-1 gyrA_D87N gyrA_S83L mcr-1.1 mph(A) parC_S80I parE_S458A tet(A) uhpT_E350Q | Z3: 1196 | AA3: IncX4 | AC3: |mcr-1.1| | AD3: 100 | AE3: 0.16 | AF3: no | AG3: Yes
A4: PDT003351163.1 | B4: SAMEA115598777 | C4: PRJEB71867 | E4: ERR13133281 | G4: SRA Illumina PE reads | I4: Egypt | K4: 2019 | L4: 2019 | M4: Homo sapiens | N4: human | O4: Human | Q4: clinical | R4: mcr-1.1 | T4: blaCTX-M-15 | W4: 203 | X4: 11 | Y4: aac(3)-IIe aadA22 aadA5 blaCTX-M-15 blaTEM-1 dfrA17 erm(B) floR gyrA_D87N gyrA_S83L mcr-1.1 mph(A) nfsA_Q72Ter parC_S80I sul1 | Z4: 359 | AA4: Chromosomal or unresolved (MOB-Recon) | AB4: mcr contig only 2,750 bp; bin assignment is tentative. | AC4: |mcr-1.1| | AD4: 100 | AE4: 0.29 | AF4: no | AG4: Yes
A5: PDT003185044.1 | B5: SAMN54240895 | C5: PRJNA1392031 | D5: GCA_056837985.1 | G5: GenBank assembly (no reads) | H5: Eco_70233 | I5: Tunisia | J5: Tunis | K5: 2025 | L5: 2025-02-26 | M5: Homo sapiens | O5: Human | Q5: clinical | R5: mcr-1.1 | W5: 6 | X5: 8 | Y5: aadA2 blaTEM-1 dfrA12 floR gyrA_D87N gyrA_S83L mcr-1.1 mph(A) ompF_W83Ter parC_S80I sul1 tet(A) | Z5: 1011 | AA5: IncX4 | AC5: |mcr-1.1| | AD5: 100 | AE5: 0.73 | AF5: no | AG5: Yes
A6: PDT003185043.1 | B6: SAMN54240896 | C6: PRJNA1392031 | D6: GCA_056837925.1 | G6: GenBank assembly (no reads) | H6: Eco_70234 | I6: Tunisia | J6: Tunis | K6: 2025 | L6: 2025-03-26 | M6: Homo sapiens | O6: Human | Q6: clinical | R6: mcr-1.1 | W6: 4 | X6: 10 | Y6: acrR_E190RfsTer20 aph(3'')-Ib aph(3')-Ia aph(6)-Id blaTEM-1 dfrA14 gyrA_D87N gyrA_S83L mcr-1.1 mph(A) parC_S80I parE_S458A qnrS1 sul2 tet(A) | Z6: 167 | AA6: IncX4 | AC6: |mcr-1.1| | AD6: 100 | AE6: 0.34 | AF6: no | AG6: Yes
A7: PDT003185042.1 | B7: SAMN54240897 | C7: PRJNA1392031 | D7: GCA_056837905.1 | G7: GenBank assembly (no reads) | H7: Eco_70237 | I7: Tunisia | J7: Tunis | K7: 2023 | L7: 2023-08-15 | M7: Homo sapiens | O7: Human | Q7: clinical | R7: mcr-1.1 | T7: blaCTX-M-55 | W7: 6 | X7: 9 | Y7: aadA5 aph(3'')-Ib aph(6)-Id blaCTX-M-55 cirA_G181VfsTer13 cyaA_S352T dfrA17 floR gyrA_D87N gyrA_S83L mcr-1.1 nfsA_R15C parC_S80I parE_S458T sul2 tet(A) | Z7: 117 | AA7: IncI2 | AC7: |mcr-1.1| | AD7: 100 | AE7: 0.23 | AF7: no | AG7: Yes
A8: PDT003185041.1 | B8: SAMN54240898 | C8: PRJNA1392031 | D8: GCA_056837885.1 | G8: GenBank assembly (no reads) | H8: Eco_70238 | I8: Tunisia | J8: Tunis | K8: 2025 | L8: 2025-02-18 | M8: Homo sapiens | O8: Human | Q8: clinical | R8: mcr-1.1 | W8: 6 | X8: 1 | Y8: cyaA_S352T mcr-1.1 nfsA_S33R uhpT_E350Q | Z8: Untypeable | AA8: IncI2 | AB8: Novel or partial MLST allele (adk(203) fumC(~210) gyrB(308) icd(25) mdh(4) purA(16) recA(19)). | AC8: |mcr-1.1| | AD8: 100 | AE8: 0.35 | AF8: no | AG8: Yes
A9: PDT003185040.1 | B9: SAMN54240899 | C9: PRJNA1392031 | D9: GCA_056837865.1 | G9: GenBank assembly (no reads) | H9: Eco_70240 | I9: Tunisia | J9: Tunis | K9: 2023 | L9: 2023-12-27 | M9: Homo sapiens | O9: Human | Q9: clinical | R9: mcr-1.1 | W9: 5 | X9: 4 | Y9: blaTEM-1 blaTEMp_C32T cirA_W164Ter cyaA_S352T dfrA14 gyrA_S83L mcr-1.1 parC_S80I tet(B) | Z9: 69 | AA9: IncI2 | AC9: |mcr-1.1| | AD9: 100 | AE9: 0.69 | AF9: no | AG9: Yes
A10: PDT003185039.1 | B10: SAMN54240900 | C10: PRJNA1392031 | D10: GCA_056837825.1 | G10: GenBank assembly (no reads) | H10: Eco_70242 | I10: Tunisia | J10: Tunis | K10: 2024 | L10: 2024-07-01 | M10: Homo sapiens | O10: Human | Q10: clinical | R10: mcr-1.1 | T10: blaCTX-M-55 | W10: 4 | X10: 9 | Y10: aph(3'')-Ib aph(6)-Id blaCTX-M-55 blaTEM-1 dfrA5 floR gyrA_D87N gyrA_S83L mcr-1.1 parC_S80I sul2 tet(A) | Z10: 9697 | AA10: IncI2 | AC10: |mcr-1.1| | AD10: 100 | AE10: 0.39 | AF10: no | AG10: Yes
A11: PDT003178996.1 | B11: SAMN57053898 | C11: PRJNA1392031 | D11: GCA_056711405.1 | G11: GenBank assembly (no reads) | H11: Eco_70239 | I11: Tunisia | J11: Tunis | K11: 2024 | L11: 2024-09-09 | M11: Homo sapiens | N11: urine | O11: Human | Q11: clinical | R11: mcr-1.1 | T11: blaCTX-M-55 | W11: 6 | X11: 9 | Y11: aph(3'')-Ib aph(6)-Id blaCTX-M-55 blaTEM-1 dfrA5 floR gyrA_D87N gyrA_S83L mcr-1.1 parC_S80I sul2 tet(A) | Z11: 9697 | AA11: IncI2 | AC11: |mcr-1.1| | AD11: 100 | AE11: 0.39 | AF11: no | AG11: Yes
A12: PDT003138659.1 | B12: SAMN47585712 | C12: PRJNA1242317 | D12: GCA_055786625.1 | G12: GenBank assembly (no reads) | H12: ECO150 | I12: Algeria | J12: Batna | K12: 2023 | L12: 2023-10-16 | M12: Felis catus | N12: cat | O12: Other animal | Q12: clinical | R12: mcr-1.1 | T12: blaCTX-M-1 | W12: 5 | X12: 8 | Y12: aph(3')-Ia blaCTX-M-1 blaTEM-1 dfrA14 gyrA_D87N gyrA_S83L mcr-1.1 parC_E84A parC_S80I qnrS1 sul2 tet(A) | Z12: 162 | AA12: IncI2 | AC12: |mcr-1.1| | AD12: 100 | AE12: 0.22 | AF12: no | AG12: Yes
A13: PDT003138657.1 | B13: SAMN47585716 | C13: PRJNA1242317 | D13: GCA_055786575.1 | G13: GenBank assembly (no reads) | H13: ECO164 | I13: Algeria | J13: Batna | K13: 2023 | L13: 2023-11-15 | M13: Felis catus | N13: cat | O13: Other animal | Q13: clinical | R13: mcr-1.1 | T13: blaCTX-M-1 | W13: 5 | X13: 7 | Y13: aph(3')-Ia blaCTX-M-1 dfrA14 mcr-1.1 qnrS1 sul2 tet(A) | Z13: 10 | AA13: IncI2 | AC13: |mcr-1.1| | AD13: 100 | AE13: 0.64 | AF13: no | AG13: Yes
A14: PDT003138653.1 | B14: SAMN47585720 | C14: PRJNA1242317 | D14: GCA_055786505.1 | G14: GenBank assembly (no reads) | H14: ECO187 | I14: Algeria | J14: Batna | K14: 2023 | L14: 2023-11-27 | M14: Felis catus | N14: cat | O14: Other animal | Q14: clinical | R14: mcr-1.1 | T14: blaCTX-M-1 | W14: 4 | X14: 10 | Y14: blaCTX-M-1 blaTEM-1 dfrA14 gyrA_S83L mcr-1.1 mph(A) qnrS1 sul2 sul3 tet(A) tet(A) | Z14: 162 | AA14: IncI2 | AC14: |mcr-1.1| | AD14: 100 | AE14: 0.58 | AF14: no | AG14: Yes
A15: PDT003089479.1 | B15: SAMEA120781931 | C15: PRJEB104706 | D15: GCA_977857605.1 | G15: GenBank assembly (no reads) | I15: Cameroon | K15: 2022 | L15: 2022 | M15: Gallus gallus domesticus | N15: stool | O15: Poultry | P15: Live bird (faeces/cloaca/organ) | R15: mcr-1.1 | T15: blaCTX-M-125 | W15: 166 | X15: 11 | Y15: aadA1 aadA2 blaCTX-M-125 blaTEM-1 cmlA1 dfrA12 gyrA_D87N gyrA_S83L mcr-1.1 parC_S80R qnrS1 sul3 tet(A) tet(M) | Z15: 5625 | AA15: IncHI1A/IncFIA (MOB-Recon bin) | AC15: |mcr-1.1| | AD15: 100 | AE15: 0.06 | AF15: yes | AG15: Yes
A16: PDT003059286.1 | B16: SAMN53123345 | C16: PRJNA1358714 | D16: GCA_054553885.1 | E16: SRR35975911 | G16: SRA Illumina PE reads | I16: Tunisia | J16: Sfax | K16: 2018 | L16: 2018 | M16: Homo sapiens | N16: wound | O16: Human | Q16: clinical | R16: mcr-1.1 | U16: blaOXA-48 | W16: 86 | X16: 10 | Y16: aac(3)-IId aadA2 aph(3'')-Ib aph(6)-Id blaOXA-48 blaTEM-1 cirA_Q65Ter dfrA12 gyrA_D87N gyrA_S83L mcr-1.1 parC_S80I sul2 tet(A) | Z16: 1011 | AA16: IncX4 | AC16: |mcr-1.1| | AD16: 100 | AE16: 0.57 | AF16: no | AG16: Yes
A17: PDT003059285.1 | B17: SAMN53123346 | C17: PRJNA1358714 | D17: GCA_054553805.1 | E17: SRR35975910 | G17: SRA Illumina PE reads | I17: Tunisia | J17: Sfax | K17: 2018 | L17: 2018 | M17: Homo sapiens | N17: wound | O17: Human | Q17: clinical | R17: mcr-1.1 | W17: 151 | X17: 8 | Y17: acrR_P182RfsTer62 aph(3'')-Ib aph(6)-Id blaTEM-1 estT floR gyrA_D87N gyrA_S83L mcr-1.1 parC_S80I sul2 tet(A) | Z17: Untypeable | AA17: IncX4 | AB17: Novel or partial MLST allele (adk(99) fumC(~1179) gyrB(33) icd(33) mdh(24) purA(8) recA(7)). | AC17: |mcr-1.1| | AD17: 100 | AE17: 0.77 | AF17: no | AG17: Yes
A18: PDT003045902.1 | B18: SAMN54331487 | C18: PRJNA1395011 | D18: GCA_054353075.1 | G18: GenBank assembly (no reads) | H18: EC100 | I18: Morocco | K18: 2024 | L18: 2024-05-03 | N18: wastewater | O18: Environment | Q18: environmental/other | R18: mcr-1.1 | T18: blaCTX-M-276 | W18: 177 | X18: 13 | Y18: aac(6')-Ib-cr5 aadA1 aadA2 acrR_E190RfsTer20 blaCTX-M-276 blaOXA-1 blaTEM-1 catB3 cmlA1 estX-3 gyrA_D87N gyrA_S83L mcr-1.1 parC_S80I parE_S458A sul3 tet(A) tet(B) | Z18: 10 | AA18: IncI2 | AC18: |mcr-1.1| | AD18: 100 | AE18: 0.09 | AF18: no | AG18: Yes
A19: PDT003025986.1 | B19: SAMEA115952006 | C19: PRJEB65965 | D19: GCA_058969675.1 | E19: ERR15952774 | G19: SRA Illumina PE reads | H19: DCG156E1 | I19: Malawi | O19: Unspecified | R19: mcr-9 | W19: 137 | X19: 14 | Y19: aac(3)-IIg aac(6')-IIc aadA2 aph(3'')-Ib aph(6)-Id arr blaSHV-12 blaTEM-1 dfrA19 ere(A) mcr-9 qnrB2 sul1 sul2 | Z19: 401 | AA19: IncHI2A (MOB-Recon bin) | AB19: mcr contig only 2,627 bp; bin assignment is tentative. mcr-9 call is BLASTX (100.0% coverage, 99.81% identity); check before counting. | AC19: |mcr-9| | AD19: 100 | AE19: 0.55 | AF19: no | AG19: Yes
A20: PDT002971161.1 | B20: SAMN49661573 | C20: PRJNA1282727 | D20: GCA_053291725.1 | G20: GenBank assembly (no reads) | H20: E3 | I20: Morocco | K20: 2021 | L20: 2021-03-19 | N20: chicken offal | O20: Poultry | P20: Poultry meat/carcass | Q20: environmental/other | R20: mcr-1.1 | W20: 107 | X20: 9 | Y20: aadA2 aph(3')-Ia blaTEM-1 cirA_D46MfsTer21 dfrA12 gyrA_D87N gyrA_S83L mcr-1.1 mph(A) parC_S80I sul1 sul2 tet(A) | Z20: 57 | AA20: IncI2 | AC20: |mcr-1.1| | AD20: 100 | AE20: 0.57 | AF20: no | AG20: Yes
A21: PDT002952003.1 | B21: SAMN44571232 | C21: PRJNA1181821 | D21: GCA_053044365.1 | G21: GenBank assembly (no reads) | H21: 23-MO00583-5 | I21: Uganda | K21: 2022 | L21: 2022 | M21: Poultry | N21: swab | O21: Poultry | P21: Live bird (faeces/cloaca/organ) | R21: mcr-1.1 | W21: 219 | X21: 8 | Y21: aac(3)-IId aph(6)-Id blaTEM-1 dfrA14 mcr-1.1 qnrS1 sul3 tet(A) | Z21: 155 | AA21: IncI2 | AC21: |mcr-1.1| | AD21: 100 | AE21: 0.25 | AF21: no | AG21: Yes
A22: PDT002952002.1 | B22: SAMN44571233 | C22: PRJNA1181821 | D22: GCA_053044345.1 | G22: GenBank assembly (no reads) | H22: 23-MO00719-1 | I22: Uganda | K22: 2022 | L22: 2022 | M22: Poultry | N22: swab | O22: Poultry | P22: Live bird (faeces/cloaca/organ) | R22: mcr-1.1 | V22: pmrB_A159V | W22: 217 | X22: 8 | Y22: aac(3)-IId aph(6)-Id blaTEM-1 dfrA14 mcr-1.1 pmrB_A159V qnrS1 sul3 tet(A) | Z22: 155 | AA22: IncI2 | AC22: |mcr-1.1| | AD22: 100 | AE22: 0.25 | AF22: no | AG22: Yes
A23: PDT002952001.1 | B23: SAMN44571236 | C23: PRJNA1181821 | D23: GCA_053044255.1 | G23: GenBank assembly (no reads) | H23: 23-MO00770-1 | I23: Uganda | K23: 2022 | L23: 2022 | M23: Poultry | N23: swab | O23: Poultry | P23: Live bird (faeces/cloaca/organ) | R23: mcr-1.1 | W23: 207 | X23: 8 | Y23: aac(3)-IId aph(6)-Id blaTEM-1 dfrA14 mcr-1.1 qnrS1 sul3 tet(A) | Z23: 155 | AA23: IncI2 | AC23: |mcr-1.1| | AD23: 100 | AE23: 0.28 | AF23: no | AG23: Yes
A24: PDT002952000.1 | B24: SAMN44571234 | C24: PRJNA1181821 | D24: GCA_053044235.1 | G24: GenBank assembly (no reads) | H24: 23-MO00728-1 | I24: Uganda | K24: 2022 | L24: 2022 | M24: Poultry | N24: swab | O24: Poultry | P24: Live bird (faeces/cloaca/organ) | R24: mcr-1.1 | W24: 205 | X24: 8 | Y24: aac(3)-IId aph(6)-Id blaTEM-1 dfrA14 mcr-1.1 qnrS1 sul3 tet(A) | Z24: 155 | AA24: IncI2 | AC24: |mcr-1.1| | AD24: 100 | AE24: 0.25 | AF24: no | AG24: Yes
A25: PDT002951999.1 | B25: SAMN44571235 | C25: PRJNA1181821 | D25: GCA_053044225.1 | G25: GenBank assembly (no reads) | H25: 23-MO00748-1 | I25: Uganda | K25: 2022 | L25: 2022 | M25: Poultry | N25: swab | O25: Poultry | P25: Live bird (faeces/cloaca/organ) | R25: mcr-1.1 | W25: 232 | X25: 8 | Y25: aac(3)-IId aph(6)-Id blaTEM-1 dfrA14 mcr-1.1 qnrS1 sul3 tet(A) | Z25: 155 | AA25: IncI2 | AC25: |mcr-1.1| | AD25: 100 | AE25: 0.27 | AF25: no | AG25: Yes
A26: PDT002921590.1 | B26: SAMN47596258 | C26: PRJNA1242575 | D26: GCA_052587725.1 | E26: SRR32899019 | G26: SRA Illumina PE reads | H26: 65321 | I26: Tunisia | K26: 2024 | L26: 2024 | N26: meat | O26: Food (non-poultry) | R26: mcr-1.1 | T26: blaCTX-M-1 | W26: 225 | X26: 10 | Y26: aadA1 blaCTX-M-1 catA1 cyaA_S352T dfrA1 floR gyrA_D87N gyrA_S83L mcr-1.1 mph(B) parC_S80I rdmCL sul1 tet(A) | Z26: 3941 | AA26: IncHI2A (MOB-Recon bin) | AB26: mcr contig only 1,761 bp; bin assignment is tentative. mcr-1 call is BLASTX (96.9% coverage, 100.00% identity); check before counting. Galaxy AMRFinderPlus call (mcr-1) differs from PD (mcr-1.1). | AC26: |mcr-1.1| | AD26: 100 | AE26: 0.79 | AF26: no | AG26: Yes
A27: PDT002921586.1 | B27: SAMN47596259 | C27: PRJNA1242575 | D27: GCA_052587645.1 | E27: SRR32899008 | G27: SRA Illumina PE reads | H27: 65324 | I27: Tunisia | K27: 2024 | L27: 2024 | N27: meat | O27: Food (non-poultry) | R27: mcr-1.1 | T27: blaCTX-M-1 | W27: 220 | X27: 10 | Y27: aadA1 blaCTX-M-1 catA1 cyaA_S352T dfrA1 floR gyrA_D87N gyrA_S83L mcr-1.1 mph(B) parC_S80I rdmCL sul1 tet(A) | Z27: 3941 | AA27: IncHI2A (MOB-Recon bin) | AB27: mcr contig only 1,761 bp; bin assignment is tentative. mcr-1 call is BLASTX (96.9% coverage, 100.00% identity); check before counting. Galaxy AMRFinderPlus call (mcr-1) differs from PD (mcr-1.1). | AC27: |mcr-1.1| | AD27: 100 | AE27: 0.76 | AF27: no | AG27: Yes
A28: PDT002921584.1 | B28: SAMN47596263 | C28: PRJNA1242575 | D28: GCA_052587485.1 | E28: SRR32898997 | G28: SRA Illumina PE reads | H28: 65334 | I28: Tunisia | K28: 2024 | L28: 2024 | M28: meat | O28: Food (non-poultry) | R28: mcr-1.1 | T28: blaCTX-M-55 | W28: 197 | X28: 9 | Y28: aadA5 aph(3'')-Ib aph(6)-Id blaCTX-M-55 cirA_Q501Ter dfrA17 floR gyrA_D87N gyrA_S83L mcr-1.1 ompF_A233LfsTer7 parC_S80I sul2 tet(A) | Z28: 6448 | AA28: IncX4 | AC28: |mcr-1.1| | AD28: 100 | AE28: 0.14 | AF28: no | AG28: Yes
A29: PDT002834777.1 | B29: SAMN47476602 | C29: PRJNA1238567 | D29: GCA_051305755.1 | G29: GenBank assembly (no reads) | H29: PEco_TUN_65453 | I29: Tunisia | J29: Sousse | K29: 2023 | L29: 2023-07-26 | M29: Homo sapiens | N29: prosthetic joint infection | O29: Human | Q29: clinical | R29: mcr-1.1 | W29: 8 | X29: 5 | Y29: blaCMY-2 blaTEM-1 cirA_I160SfsTer34 floR gyrA_D87N gyrA_S83L mcr-1.1 parC_S80I sul2 | Z29: 224 | AA29: IncI2 | AC29: |mcr-1.1| | AD29: 100 | AE29: 0.21 | AF29: no | AG29: Yes
A30: PDT002807617.1 | B30: SAMN48947222 | C30: PRJNA1273464 | D30: GCA_050939535.1 | G30: GenBank assembly (no reads) | H30: PS51 | I30: Algeria | J30: Guelma | K30: 2022 | L30: 2022-12-01 | N30: Poultry farm | O30: Poultry | P30: Poultry farm environment | Q30: environmental/other | R30: mcr-1.1 | W30: 127 | X30: 2 | Y30: cirA_W243Ter gyrA_S83L mcr-1.1 tet(A) | Z30: 616 | AA30: IncI2 | AC30: |mcr-1.1| | AD30: 100 | AE30: 1.91 | AF30: no | AG30: Yes
A31: PDT002807616.1 | B31: SAMN48947229 | C31: PRJNA1273464 | D31: GCA_050939515.1 | G31: GenBank assembly (no reads) | H31: S11 | I31: Algeria | J31: Guelma | K31: 2022 | L31: 2022-02-01 | N31: Poultry farm | O31: Poultry | P31: Poultry farm environment | Q31: environmental/other | R31: mcr-1.1 | W31: 185 | X31: 2 | Y31: cyaA_S352T gyrA_D87N gyrA_S83L mcr-1.1 parC_S80I tet(A) | Z31: 93 | AA31: IncI2 (MOB-Recon bin) | AC31: |mcr-1.1| | AD31: 100 | AE31: 0.7 | AF31: no | AG31: Yes
A32: PDT002807611.1 | B32: SAMN48947223 | C32: PRJNA1273464 | D32: GCA_050939415.1 | G32: GenBank assembly (no reads) | H32: PS52 | I32: Algeria | J32: Guelma | K32: 2022 | L32: 2022-12-01 | N32: Poultry farm | O32: Poultry | P32: Poultry farm environment | Q32: environmental/other | R32: mcr-1.1 | W32: 232 | X32: 7 | Y32: blaTEM-1 catA1 cirA_Q42Ter dfrA14 gyrA_D87N gyrA_S83L mcr-1.1 mph(A) nfsA_Q195Ter nfsB_F167LfsTer11 parC_S80I sul2 tet(A) | Z32: 101 | AA32: IncI2 | AC32: |mcr-1.1| | AD32: 100 | AE32: 0.68 | AF32: no | AG32: Yes
A33: PDT002807609.1 | B33: SAMN48947225 | C33: PRJNA1273464 | D33: GCA_050939375.1 | G33: GenBank assembly (no reads) | H33: PS54 | I33: Algeria | J33: Guelma | K33: 2022 | L33: 2022-12-01 | N33: Poultry farm | O33: Poultry | P33: Poultry farm environment | Q33: environmental/other | R33: mcr-1.1 | W33: 146 | X33: 2 | Y33: cirA_W243Ter gyrA_S83L mcr-1.1 tet(A) | Z33: 616 | AA33: IncI2 | AC33: |mcr-1.1| | AD33: 100 | AE33: 0.75 | AF33: no | AG33: Yes
A34: PDT002807607.1 | B34: SAMN48947216 | C34: PRJNA1273464 | D34: GCA_050939335.1 | G34: GenBank assembly (no reads) | H34: PS45 | I34: Algeria | J34: Guelma | K34: 2022 | L34: 2022-12-01 | N34: Poultry farm | O34: Poultry | P34: Poultry farm environment | Q34: environmental/other | R34: mcr-1.1 | W34: 123 | X34: 2 | Y34: cirA_W243Ter gyrA_S83L mcr-1.1 tet(A) | Z34: 616 | AA34: IncI2 | AC34: |mcr-1.1| | AD34: 100 | AE34: 0.93 | AF34: no | AG34: Yes
A35: PDT002807606.1 | B35: SAMN48947220 | C35: PRJNA1273464 | D35: GCA_050939315.1 | G35: GenBank assembly (no reads) | H35: PS49 | I35: Algeria | J35: Guelma | K35: 2022 | L35: 2022-12-01 | N35: Poultry farm | O35: Poultry | P35: Poultry farm environment | Q35: environmental/other | R35: mcr-1.1 | W35: 164 | X35: 2 | Y35: cirA_W243Ter gyrA_S83L mcr-1.1 tet(A) | Z35: 616 | AA35: IncI2 (MOB-Recon bin) | AC35: |mcr-1.1| | AD35: 100 | AE35: 0.94 | AF35: no | AG35: Yes
A36: PDT002807605.1 | B36: SAMN48947210 | C36: PRJNA1273464 | D36: GCA_050939295.1 | G36: GenBank assembly (no reads) | H36: PS39 | I36: Algeria | J36: Guelma | K36: 2022 | L36: 2022-08-01 | N36: Poultry farm | O36: Poultry | P36: Poultry farm environment | Q36: environmental/other | R36: mcr-1.1 | W36: 97 | X36: 8 | Y36: aph(3'')-Ib aph(6)-Id blaTEM-1 cyaA_S352T dfrA7 gyrA_D87N gyrA_S83L mcr-1.1 parC_E84G parC_S80I parE_I355T sul1 sul2 tet(A) uhpT_E350Q | Z36: 354 | AA36: IncI2 | AC36: |mcr-1.1| | AD36: 100 | AE36: 0.6 | AF36: no | AG36: Yes
A37: PDT002807602.1 | B37: SAMN48947221 | C37: PRJNA1273464 | D37: GCA_050939235.1 | G37: GenBank assembly (no reads) | H37: PS50 | I37: Algeria | J37: Guelma | K37: 2022 | L37: 2022-12-01 | N37: Poultry farm | O37: Poultry | P37: Poultry farm environment | Q37: environmental/other | R37: mcr-1.1 | W37: 209 | X37: 7 | Y37: blaTEM-1 catA1 cirA_Q42Ter dfrA14 gyrA_D87N gyrA_S83L mcr-1.1 mph(A) nfsA_Q195Ter nfsB_F167LfsTer11 parC_S80I sul2 tet(A) | Z37: 101 | AA37: IncI2 | AC37: |mcr-1.1| | AD37: 100 | AE37: 1.01 | AF37: no | AG37: Yes
A38: PDT002807601.1 | B38: SAMN48947182 | C38: PRJNA1273464 | D38: GCA_050939215.1 | G38: GenBank assembly (no reads) | H38: PS02 | I38: Algeria | J38: Guelma | K38: 2022 | L38: 2022-05-01 | N38: Poultry farm | O38: Poultry | P38: Poultry farm environment | Q38: environmental/other | R38: mcr-1.1 | W38: 131 | X38: 6 | Y38: blaTEM-1 fosA4 gyrA_S83L mcr-1.1 mph(A) tet(A) tet(M) | Z38: 162 | AA38: IncI2 | AC38: |mcr-1.1| | AD38: 100 | AE38: 0.39 | AF38: no | AG38: Yes
A39: PDT002807600.1 | B39: SAMN48947184 | C39: PRJNA1273464 | D39: GCA_050939195.1 | G39: GenBank assembly (no reads) | H39: PS04 | I39: Algeria | J39: Guelma | K39: 2022 | L39: 2022-07-01 | N39: Poultry farm | O39: Poultry | P39: Poultry farm environment | Q39: environmental/other | R39: mcr-1.1 | W39: 179 | X39: 6 | Y39: aph(3'')-Ib aph(3')-Ia aph(6)-Id cirA_Q56Ter cyaA_S352T gyrA_D87N gyrA_S83L mcr-1.1 nfsA_Q26Ter nfsB_Q26Ter ompF_Q88Ter parC_E84K sul2 tet(B) | Z39: 117 | AA39: IncI2 | AC39: |mcr-1.1| | AD39: 100 | AE39: 0.73 | AF39: no | AG39: Yes
A40: PDT002807599.1 | B40: SAMN48947181 | C40: PRJNA1273464 | D40: GCA_050939175.1 | G40: GenBank assembly (no reads) | H40: PS01 | I40: Algeria | J40: Guelma | K40: 2022 | L40: 2022-05-01 | N40: Poultry farm | O40: Poultry | P40: Poultry farm environment | Q40: environmental/other | R40: mcr-1.1 | W40: 192 | X40: 12 | Y40: aadA1 aadA2 acrR_R162PfsTer24 aph(3')-Ia blaTEM-1 dfrA12 dfrA1 estX-3 gyrA_D87N gyrA_S83L mcr-1.1 mph(A) parC_S80I parE_S458A sul1 sul3 tet(A) | Z40: Untypeable | AA40: IncI2 | AB40: All seven alleles known but no ST assigned; likely novel ST (adk(6) fumC(11) gyrB(4) icd(8) mdh(276) purA(8) recA(6)). | AC40: |mcr-1.1| | AD40: 100 | AE40: 0.65 | AF40: no | AG40: Yes
A41: PDT002807598.1 | B41: SAMN48947185 | C41: PRJNA1273464 | D41: GCA_050939155.1 | G41: GenBank assembly (no reads) | H41: PS05 | I41: Algeria | J41: Guelma | K41: 2022 | L41: 2022-07-01 | N41: Poultry farm | O41: Poultry | P41: Poultry farm environment | Q41: environmental/other | R41: mcr-1.1 | W41: 149 | X41: 5 | Y41: aadA1 blaTEM-1 cirA_Q56Ter cyaA_S352T dfrA1 gyrA_D87N gyrA_S83L mcr-1.1 parC_S57T parC_S80I tet(A) | Z41: 93 | AA41: IncI2 | AC41: |mcr-1.1| | AD41: 100 | AE41: 1.14 | AF41: no | AG41: Yes
A42: PDT002807597.1 | B42: SAMN48947234 | C42: PRJNA1273464 | D42: GCA_050939135.1 | G42: GenBank assembly (no reads) | H42: S209 | I42: Algeria | J42: Guelma | K42: 2022 | L42: 2022-08-01 | N42: Poultry farm | O42: Poultry | P42: Poultry farm environment | Q42: environmental/other | R42: mcr-1.1 | W42: 104 | X42: 8 | Y42: aph(3')-Ia blaTEM-1 dfrA14 estX-3 gyrA_D87N gyrA_S83L mcr-1.1 mph(A) parC_S80I parE_S458A sul3 tet(A) | Z42: 8492 | AA42: IncI2 | AC42: |mcr-1.1| | AD42: 100 | AE42: 0.41 | AF42: no | AG42: Yes
A43: PDT002807596.1 | B43: SAMN48947233 | C43: PRJNA1273464 | D43: GCA_050939115.1 | G43: GenBank assembly (no reads) | H43: S204 | I43: Algeria | J43: Guelma | K43: 2022 | L43: 2022-08-01 | N43: Poultry farm | O43: Poultry | P43: Poultry farm environment | Q43: environmental/other | R43: mcr-1.1 | W43: 105 | X43: 8 | Y43: aph(3')-Ia blaTEM-1 dfrA14 estX-3 gyrA_D87N gyrA_S83L mcr-1.1 mph(A) parC_S80I parE_S458A sul3 tet(A) | Z43: 8492 | AA43: IncI2 | AC43: |mcr-1.1| | AD43: 100 | AE43: 0.26 | AF43: no | AG43: Yes
A44: PDT002807594.1 | B44: SAMN48947213 | C44: PRJNA1273464 | D44: GCA_050939075.1 | G44: GenBank assembly (no reads) | H44: PS42 | I44: Algeria | J44: Guelma | K44: 2022 | L44: 2022-08-01 | N44: Poultry farm | O44: Poultry | P44: Poultry farm environment | Q44: environmental/other | R44: mcr-1.1 | W44: 126 | X44: 3 | Y44: blaTEM-1 gyrA_D87N gyrA_S83L mcr-1.1 parC_E84A parC_S80I tet(A) | Z44: 162 | AA44: IncI2 (MOB-Recon bin) | AC44: |mcr-1.1| | AD44: 100 | AE44: 0.05 | AF44: no | AG44: Yes
A45: PDT002807593.1 | B45: SAMN48947215 | C45: PRJNA1273464 | D45: GCA_050939055.1 | G45: GenBank assembly (no reads) | H45: S261 | I45: Algeria | J45: Guelma | K45: 2022 | L45: 2022-10-01 | N45: Poultry farm | O45: Poultry | P45: Poultry farm environment | Q45: environmental/other | R45: mcr-1.1 | W45: 66 | X45: 1 | Y45: cyaA_S352T gyrA_D87N gyrA_S83L mcr-1.1 parC_S80I | Z45: 11956 | AA45: IncI2 (MOB-Recon bin) | AC45: |mcr-1.1| | AD45: 100 | AE45: 0.39 | AF45: no | AG45: Yes
A46: PDT002807592.1 | B46: SAMN48947203 | C46: PRJNA1273464 | D46: GCA_050939035.1 | G46: GenBank assembly (no reads) | H46: PS23 | I46: Algeria | J46: Guelma | K46: 2022 | L46: 2022-05-01 | N46: Poultry farm | O46: Poultry | P46: Poultry farm environment | Q46: environmental/other | R46: mcr-1.1 | W46: 186 | X46: 5 | Y46: aph(3')-Ia blaTEM-1 dfrA14 gyrA_D87N gyrA_S83L mcr-1.1 parC_S80I tet(A) | Z46: 7139 | AA46: IncI2 | AC46: |mcr-1.1| | AD46: 99.99 | AE46: 0.35 | AF46: no | AG46: Yes
A47: PDT002807591.1 | B47: SAMN48947209 | C47: PRJNA1273464 | D47: GCA_050939015.1 | G47: GenBank assembly (no reads) | H47: PS38 | I47: Algeria | J47: Guelma | K47: 2022 | L47: 2022-06-01 | N47: Poultry farm | O47: Poultry | P47: Poultry farm environment | Q47: environmental/other | R47: mcr-1.1 | W47: 121 | X47: 10 | Y47: aadA1 aadA2 aph(3')-Ia blaTEM-1 cmlA1 dfrA14 estX-3 gyrA_D87N gyrA_S83L mcr-1.1 parC_E84A parC_S80I sul3 tet(A) | Z47: 162 | AA47: IncI2 | AC47: |mcr-1.1| | AD47: 100 | AE47: 1.23 | AF47: no | AG47: Yes
A48: PDT002807589.1 | B48: SAMN48947207 | C48: PRJNA1273464 | D48: GCA_050938975.1 | G48: GenBank assembly (no reads) | H48: PS36 | I48: Algeria | J48: Guelma | K48: 2022 | L48: 2022-06-01 | N48: Poultry farm | O48: Poultry | P48: Poultry farm environment | Q48: environmental/other | R48: mcr-1.1 | W48: 109 | X48: 3 | Y48: blaTEM-1 gyrA_D87N gyrA_S83L mcr-1.1 parC_E84A parC_S80I tet(A) | Z48: 162 | AA48: IncI2 | AC48: |mcr-1.1| | AD48: 100 | AE48: 0.34 | AF48: no | AG48: Yes
A49: PDT002807587.1 | B49: SAMN48947193 | C49: PRJNA1273464 | D49: GCA_050938935.1 | G49: GenBank assembly (no reads) | H49: PS13 | I49: Algeria | J49: Guelma | K49: 2022 | L49: 2022-07-01 | N49: Poultry farm | O49: Poultry | P49: Poultry farm environment | Q49: environmental/other | R49: mcr-1.1 | W49: 132 | X49: 3 | Y49: blaTEM-135 cirA_V26SfsTer14 gyrA_D87N gyrA_S83L mcr-1.1 parC_S80I tet(A) | Z49: 23 | AA49: IncI2 | AC49: |mcr-1.1| | AD49: 99.99 | AE49: 0.03 | AF49: no | AG49: Yes
A50: PDT002807585.1 | B50: SAMN48947196 | C50: PRJNA1273464 | D50: GCA_050938885.1 | G50: GenBank assembly (no reads) | H50: PS16 | I50: Algeria | J50: Guelma | K50: 2022 | L50: 2022-07-01 | N50: Poultry farm | O50: Poultry | P50: Poultry farm environment | Q50: environmental/other | R50: mcr-1.1 | W50: 93 | X50: 3 | Y50: blaTEM-1 gyrA_D87N gyrA_S83L mcr-1.1 parC_E84A parC_S80I tet(A) | Z50: 162 | AA50: IncI2 (MOB-Recon bin) | AC50: |mcr-1.1| | AD50: 100 | AE50: 0.3 | AF50: no | AG50: Yes
A51: PDT002807584.1 | B51: SAMN48947199 | C51: PRJNA1273464 | D51: GCA_050938875.1 | G51: GenBank assembly (no reads) | H51: PS19 | I51: Algeria | J51: Guelma | K51: 2022 | L51: 2022-09-01 | N51: Poultry farm | O51: Poultry | P51: Poultry farm environment | Q51: environmental/other | R51: mcr-1.1 | W51: 153 | X51: 8 | Y51: aph(3')-Ia blaTEM-1 cirA_Q60Ter dfrA14 estX-3 gyrA_D87N gyrA_S83L mcr-1.1 mph(A) parC_S80I sul3 tet(A) | Z51: 297 | AA51: IncI2 | AC51: |mcr-1.1| | AD51: 100 | AE51: 0.49 | AF51: no | AG51: Yes
A52: PDT002807583.1 | B52: SAMN48947201 | C52: PRJNA1273464 | D52: GCA_050938855.1 | G52: GenBank assembly (no reads) | H52: PS21 | I52: Algeria | J52: Guelma | K52: 2022 | L52: 2022-05-01 | N52: Poultry farm | O52: Poultry | P52: Poultry farm environment | Q52: environmental/other | R52: mcr-1.1 | W52: 147 | X52: 9 | Y52: aph(3'')-Ib aph(3')-Ia aph(6)-Id blaTEM-1 dfrA14 gyrA_D87N gyrA_S83L mcr-1.1 mph(A) parC_S80I parE_S458A sul2 tet(A) uhpT_E350Q | Z52: 7518 | AA52: IncI2 | AC52: |mcr-1.1| | AD52: 100 | AE52: 0.36 | AF52: no | AG52: Yes
A53: PDT002807582.1 | B53: SAMN48947202 | C53: PRJNA1273464 | D53: GCA_050938835.1 | G53: GenBank assembly (no reads) | H53: PS22 | I53: Algeria | J53: Guelma | K53: 2022 | L53: 2022-05-01 | N53: Poultry farm | O53: Poultry | P53: Poultry farm environment | Q53: environmental/other | R53: mcr-1.1 | W53: 151 | X53: 1 | Y53: gyrA_D87N gyrA_S83L mcr-1.1 parC_S80I | Z53: Untypeable | AA53: IncI2 | AB53: Partial gyrB allele (adk(10) fumC(11) gyrB(1243?) icd(724) mdh(8) purA(8) recA(2)) on the explicit ecoli_achtman_4 rerun; ST not assigned. | AC53: |mcr-1.1| | AD53: 99.94 | AE53: 0.62 | AF53: no | AG53: Yes
A54: PDT002807581.1 | B54: SAMN48947195 | C54: PRJNA1273464 | D54: GCA_050938815.1 | G54: GenBank assembly (no reads) | H54: PS15 | I54: Algeria | J54: Guelma | K54: 2022 | L54: 2022-07-01 | N54: Poultry farm | O54: Poultry | P54: Poultry farm environment | Q54: environmental/other | R54: mcr-1.1 | W54: 113 | X54: 2 | Y54: mcr-1.1 tet(B) | Z54: 453 | AA54: IncI2 | AC54: |mcr-1.1| | AD54: 99.99 | AE54: 0.36 | AF54: no | AG54: Yes
A55: PDT002807580.1 | B55: SAMN48947205 | C55: PRJNA1273464 | D55: GCA_050938795.1 | G55: GenBank assembly (no reads) | H55: PS32 | I55: Algeria | J55: Guelma | K55: 2022 | L55: 2022-11-01 | N55: Poultry farm | O55: Poultry | P55: Poultry farm environment | Q55: environmental/other | R55: mcr-1.1 | W55: 137 | X55: 11 | Y55: aadA1 aadA2 aph(3')-Ia blaTEM-135 cmlA1 cyaA_S352T dfrA14 estX-3 gyrA_D87N gyrA_S83L mcr-1.1 mph(A) parC_S80I sul3 tet(A) | Z55: 3941 | AA55: IncI2 | AC55: |mcr-1.1| | AD55: 100 | AE55: 0.3 | AF55: no | AG55: Yes
A56: PDT002807579.1 | B56: SAMN48947204 | C56: PRJNA1273464 | D56: GCA_050938775.1 | G56: GenBank assembly (no reads) | H56: PS27 | I56: Algeria | J56: Guelma | K56: 2022 | L56: 2022-09-01 | N56: Poultry farm | O56: Poultry | P56: Poultry farm environment | Q56: environmental/other | R56: mcr-1.1 | W56: 117 | X56: 8 | Y56: aadA1 aadA2 cmlA1 dfrA12 floR gyrA_D87N gyrA_S83L mcr-1.1 parC_S80I parE_S458A sul2 tet(M) | Z56: 155 | AA56: IncI2 (MOB-Recon bin) | AC56: |mcr-1.1| | AD56: 100 | AE56: 0.37 | AF56: no | AG56: Yes
A57: PDT002807578.1 | B57: SAMN48947200 | C57: PRJNA1273464 | D57: GCA_050938755.1 | G57: GenBank assembly (no reads) | H57: PS20 | I57: Algeria | J57: Guelma | K57: 2022 | L57: 2022-09-01 | N57: Poultry farm | O57: Poultry | P57: Poultry farm environment | Q57: environmental/other | R57: mcr-1.1 | W57: 154 | X57: 13 | Y57: aadA1 aph(3'')-Ib aph(6)-Id blaTEM-1 cirA_W621Ter cyaA_S352T dfrA1 gyrA_D87N gyrA_S83L mcr-1.1 mph(A) mph(B) nfsA_H11Y parC_S80I qnrS1 rdmCL sul1 sul2 tet(A) | Z57: 93 | AA57: IncI2 | AC57: |mcr-1.1| | AD57: 100 | AE57: 0.51 | AF57: no | AG57: Yes
A58: PDT002807577.1 | B58: SAMN48947206 | C58: PRJNA1273464 | D58: GCA_050938735.1 | G58: GenBank assembly (no reads) | H58: PS35 | I58: Algeria | J58: Guelma | K58: 2022 | L58: 2022-06-01 | N58: Poultry farm | O58: Poultry | P58: Poultry farm environment | Q58: environmental/other | R58: mcr-1.5 | W58: 126 | X58: 5 | Y58: catA1 dfrA14 gyrA_D87N gyrA_S83L mcr-1.5 mph(A) parC_A56T parC_S80I tet(B) | Z58: 744 | AA58: IncI2 (MOB-Recon bin) | AC58: |mcr-1.5| | AD58: 100 | AE58: 0.08 | AF58: no | AG58: Yes
A59: PDT002807570.1 | B59: SAMN48947212 | C59: PRJNA1273464 | D59: GCA_050938595.1 | G59: GenBank assembly (no reads) | H59: PS41 | I59: Algeria | J59: Guelma | K59: 2022 | L59: 2022-08-01 | N59: Poultry farm | O59: Poultry | P59: Poultry farm environment | Q59: environmental/other | R59: mcr-1.1 | W59: 66 | X59: 7 | Y59: aadA1 aadA2 cmlA1 dfrA12 gyrA_D87N gyrA_S83L mcr-1.1 parC_S80I parE_S458A sul3 tet(A) uhpT_E350Q | Z59: 224 | AA59: IncI2 (MOB-Recon bin) | AC59: |mcr-1.1| | AD59: 100 | AE59: 0.75 | AF59: no | AG59: Yes
A60: PDT002807569.1 | B60: SAMN48947214 | C60: PRJNA1273464 | D60: GCA_050938575.1 | G60: GenBank assembly (no reads) | H60: S260 | I60: Algeria | J60: Guelma | K60: 2022 | L60: 2022-10-01 | N60: Poultry farm | O60: Poultry | P60: Poultry farm environment | Q60: environmental/other | R60: mcr-1.1 | W60: 118 | X60: 11 | Y60: aadA2 aph(3')-Ia blaSHV-1 blaTEM-135 dfrA12 gyrA_D87N gyrA_S83L mcr-1.1 mph(A) parC_S80I sul1 sul2 tet(A) tet(D) | Z60: 226 | AA60: IncI2 (MOB-Recon bin) | AC60: |mcr-1.1| | AD60: 100 | AE60: 0.52 | AF60: no | AG60: Yes
A61: PDT002807568.1 | B61: SAMN48947183 | C61: PRJNA1273464 | D61: GCA_050938555.1 | G61: GenBank assembly (no reads) | H61: PS03 | I61: Algeria | J61: Guelma | K61: 2022 | L61: 2022-05-01 | N61: Poultry farm | O61: Poultry | P61: Poultry farm environment | Q61: environmental/other | R61: mcr-1.1 | W61: 128 | X61: 4 | Y61: dfrA14 gyrA_D87N gyrA_S83L mcr-1.1 parC_A56T parC_S80I parE_S458A qnrS1 tet(A) | Z61: 6756 | AA61: IncI2 (MOB-Recon bin) | AC61: |mcr-1.1| | AD61: 100 | AE61: 0.49 | AF61: no | AG61: Yes
A62: PDT002807567.1 | B62: SAMN48947189 | C62: PRJNA1273464 | D62: GCA_050938535.1 | G62: GenBank assembly (no reads) | H62: PS09 | I62: Algeria | J62: Guelma | K62: 2022 | L62: 2022-07-01 | N62: Poultry farm | O62: Poultry | P62: Poultry farm environment | Q62: environmental/other | R62: mcr-1.1 | W62: 203 | X62: 6 | Y62: aph(3'')-Ib aph(3')-Ia aph(6)-Id cirA_Q56Ter cyaA_S352T gyrA_D87N gyrA_S83L mcr-1.1 nfsA_Q26Ter nfsB_Q26Ter ompF_Q88Ter parC_E84K sul2 tet(B) uhpT_R326VfsTer10 | Z62: 117 | AA62: IncI2 | AC62: |mcr-1.1| | AD62: 100 | AE62: 0.54 | AF62: no | AG62: Yes
A63: PDT002807566.1 | B63: SAMN48947187 | C63: PRJNA1273464 | D63: GCA_050938515.1 | G63: GenBank assembly (no reads) | H63: PS07 | I63: Algeria | J63: Guelma | K63: 2022 | L63: 2022-07-01 | N63: Poultry farm | O63: Poultry | P63: Poultry farm environment | Q63: environmental/other | R63: mcr-1.1 | W63: 265 | X63: 7 | Y63: aadA2 blaTEM-1 dfrA12 gyrA_D87Y gyrA_S83L mcr-1.1 mph(A) parC_S80I sul1 tet(A) | Z63: 189 | AA63: IncI2 | AC63: |mcr-1.1| | AD63: 100 | AE63: 0.74 | AF63: no | AG63: Yes
A64: PDT002807565.1 | B64: SAMN48947190 | C64: PRJNA1273464 | D64: GCA_050938495.1 | G64: GenBank assembly (no reads) | H64: PS10 | I64: Algeria | J64: Guelma | K64: 2022 | L64: 2022-07-01 | N64: Poultry farm | O64: Poultry | P64: Poultry farm environment | Q64: environmental/other | R64: mcr-1.1 | W64: 164 | X64: 6 | Y64: aadA1 cirA_G335AfsTer12 cyaA_S352T dfrA1 estX gyrA_D87N gyrA_S83L mcr-1.1 parC_S80I sul3 tet(A) | Z64: 770 | AA64: IncI2 | AC64: |mcr-1.1| | AD64: 100 | AE64: 0.13 | AF64: no | AG64: Yes
A65: PDT002807564.1 | B65: SAMN48947192 | C65: PRJNA1273464 | D65: GCA_050938475.1 | G65: GenBank assembly (no reads) | H65: PS12 | I65: Algeria | J65: Guelma | K65: 2022 | L65: 2022-07-01 | N65: Poultry farm | O65: Poultry | P65: Poultry farm environment | Q65: environmental/other | R65: mcr-1.1 | W65: 90 | X65: 7 | Y65: aadA1 aadA2 aph(3')-Ia cmlA1 cyaA_S352T estX-3 gyrA_D87N gyrA_S83L mcr-1.1 parC_S80I sul3 | Z65: 3941 | AA65: IncI2 | AC65: |mcr-1.1| | AD65: 100 | AE65: 0.51 | AF65: no | AG65: Yes
... A68: PDT002807560.1 | B68: SAMN48947198 | C68: PRJNA1273464 | D68: GCA_050938395.1 | G68: GenBank assembly (no reads) | H68: PS18 | I68: Algeria | J68: Guelma | K68: 2022 | L68: 2022-07-01 | N68: Poultry farm | O68: Poultry | P68: Poultry farm environment | Q68: environmental/other | R68: mcr-1.1 | W68: 107 | X68: 3 | Y68: blaTEM-1 gyrA_D87N gyrA_S83L mcr-1.1 parC_E84A parC_S80I tet(A) | Z68: 162 | AA68: IncI2 | AC68: |mcr-1.1| | AD68: 100 | AE68: 0.28 | AF68: no | AG68: Yes
A69: PDT002756480.1 | B69: SAMN48122305 | C69: PRJNA1254764 | D69: GCA_050106675.1 | G69: GenBank assembly (no reads) | H69: FKK19-219 | I69: Togo | J69: Savannas | K69: 2022 | L69: 2022-09 | M69: Homo sapiens | N69: feces | O69: Human | Q69: clinical | R69: mcr-9.1 | W69: 237 | X69: 4 | Y69: aph(3'')-Ib aph(6)-Id mcr-9.1 sul2 | Z69: 1494 | AA69: Chromosomal or unresolved (MOB-Recon) | AC69: |mcr-9.1| | AD69: 100 | AE69: 0.23 | AF69: no | AG69: Yes
A70: PDT002635093.1 | B70: SAMEA114285223 | C70: PRJEB64290 | E70: ERR13952704 | G70: SRA Illumina PE reads | I70: Malawi | K70: 2005 | L70: 2005-11-01 | O70: Unspecified | R70: mcr-9.1 | W70: 149 | X70: 14 | Y70: aac(3)-IIg aac(6')-IIc aadA1 aph(3'')-Ib aph(6)-Id arr blaTEM-1 catA1 cirA_Q56Ter cyaA_S352T dfrA1 ere(A) mcr-9.1 nfsA_Y128PfsTer6 nfsB_E165Ter sat2 sul1 sul2 | Z70: 38 | AA70: IncHI2A (MOB-Recon bin) | AC70: |mcr-9.1| | AD70: 100 | AE70: 0.21 | AF70: no | AG70: Yes
A71: PDT002634939.1 | B71: SAMEA114284974 | C71: PRJEB64290 | E71: ERR13952550 | G71: SRA Illumina PE reads | I71: Malawi | K71: 2012 | L71: 2012-07-26 | O71: Unspecified | R71: mcr-9.1 | W71: 179 | X71: 18 | Y71: aac(3)-IIg aac(6')-IIc aadA2 aadA5 aph(3'')-Ib aph(3')-Ia aph(6)-Id arr blaSHV-12 blaTEM-1 catA2 cyaA_S352T dfrA17 dfrA19 ere(A) mcr-9.1 mph(A) sul1 sul2 | Z71: 69 | AA71: IncHI2A (MOB-Recon bin) | AB71: mcr contig only 2,627 bp; bin assignment is tentative. | AC71: |mcr-9.1| | AD71: 100 | AE71: 0.24 | AF71: no | AG71: Yes
A72: PDT002478286.1 | B72: SAMN44530435 | C72: PRJNA1180919 | D72: GCA_045037815.1 | G72: GenBank assembly (no reads) | H72: 98203 | I72: Egypt | J72: Alexandria | K72: 2020 | L72: 2020/2023 | M72: Homo sapiens | N72: aspirate | O72: Human | Q72: clinical | R72: mcr-1; mcr-1.1 | S72: Yes | T72: blaCTX-M-104 | U72: blaNDM-5 | W72: 9 | X72: 28 | Y72: aac(3)-IId aac(3)-IIe aadA1 aadA22 aph(3'')-Ib aph(3')-Ia aph(3')-VI aph(6)-Id armA blaCTX-M-104 blaNDM-5 blaTEM-1 ble cyaA_S352T dfrA1 dfrA5 estX floR gyrA_D87Y gyrA_S83L lnu(F) mcr-1.1 mcr-1 mph(A) mph(E) msr(E) nfsA_M110TerfsTer0 parC_S80I qnrS1 sat2 sul1 sul2 tet(B) | Z72: 624 | AA72: IncX4 | AB72: mcr-1 call is PARTIAL_CONTIG_ENDX (71.5% coverage, 100.00% identity); check before counting. Galaxy AMRFinderPlus call (mcr-1) differs from PD (mcr-1; mcr-1.1). | AC72: |mcr-1|mcr-1.1| | AD72: 100 | AE72: 0.81 | AF72: no | AG72: Yes
A73: PDT002234959.1 | B73: SAMN40756789 | C73: PRJNA1096457 | D73: GCA_040418245.1 | E73: SRR33015174 | G73: SRA Illumina PE reads | H73: 19-S29 | I73: Niger | K73: 2016 | L73: 2016/2017 | M73: Homo sapiens | N73: rectal swab | O73: Human | Q73: clinical | R73: mcr-1 | T73: blaCTX-M-15 | U73: blaNDM-5 | W73: 143 | X73: 14 | Y73: aac(6')-Ib-cr5 aadA2 acrR_V29YfsTer44 blaCTX-M-15 blaNDM-5 blaOXA-1 blaTEM-1 ble catB3 cirA_S90YfsTer15 dfrA12 ftsI_N337NYRIN gyrA_D87N gyrA_S83L mcr-1 mph(A) parC_S80I parE_S458A rmtB1 sul1 tet(A) | Z73: 167 | AA73: Chromosomal or unresolved (MOB-Recon) | AB73: mcr contig only 857 bp; bin assignment is tentative. mcr-1 call is PARTIAL_CONTIG_ENDX (52.8% coverage, 100.00% identity); check before counting. | AC73: |mcr-1| | AD73: 100 | AE73: 0.64 | AF73: no | AG73: Yes
A74: PDT002120753.1 | B74: SAMEA115084356 | C74: PRJEB71714 | D74: GCA_964007345.1 | E74: ERR12409409 | G74: SRA Illumina PE reads | H74: FFDD-150 | I74: Tanzania | K74: 2021 | L74: 2021 | M74: Homo sapiens | N74: HVS | O74: Human | Q74: clinical | R74: mcr-10.1 | W74: 178 | X74: 9 | Y74: aac(3)-IId aph(3'')-Ib aph(6)-Id catA2 dfrA14 mcr-10.1 parC_A56T qnrS1 sul2 tet(D) | Z74: 206 | AA74: rep_cluster_1418 (MOB-Recon bin) | AB74: mcr contig only 3,681 bp; bin assignment is tentative. | AC74: |mcr-10.1| | AD74: 100 | AE74: 0.16 | AF74: no | AG74: Yes
A75: PDT003398482.1 | B75: SAMN38019464 | C75: PRJNA860154 | D75: GCA_033342895.1 | G75: GenBank assembly (no reads) | H75: NN-MR491 | I75: Nigeria | K75: 2015 | L75: 2015 | M75: Homo sapiens | N75: rectal | O75: Human | Q75: clinical | R75: mcr-1.1 | W75: 2 | X75: 22 | Y75: aac(3)-IIe aadA1 aadA2 acrR_E190KfsTer54 ant(2'')-Ia aph(3'')-Ib aph(3')-Ia aph(6)-Id blaOXA-1 blaTEM-1 catA1 cmlA1 dfrA1 dfrA24 dfrA36 estX-3 floR gyrA_D87N gyrA_S83L mcr-1.1 ompF_Y124TerfsTer0 parC_E84G parC_S80I sul1 sul2 sul3 tet(A) tet(B) | Z75: 1266 | AA75: IncHI2 / IncHI2A / IncQ1 | AC75: |mcr-1.1| | AD75: 100 | AE75: 0.93 | AF75: no | AG75: Yes
A76: PDT001866682.1 | B76: SAMN35358213 | C76: PRJNA976065 | D76: GCA_030927905.1 | E76: SRR24834186 | G76: SRA Illumina PE reads | H76: 60280 | I76: Tunisia | K76: 2022 | L76: 2022 | M76: Sturnus vulgaris | O76: Other animal | R76: mcr-1 | T76: blaCTX-M-1 | W76: 234 | X76: 12 | Y76: aadA1 aadA1 blaCTX-M-1 blaTEM-135 catA1 cyaA_S352T dfrA1 estT estX gyrA_D87N gyrA_S83L mcr-1 mph(B) ompF_D171AfsTer2 parC_S80R parE_L416F sat2 tet(A) | Z76: 38 | AA76: IncHI2A/IncI-gamma/K1/IncFIA/IncFIC (MOB-Recon bin, mixed replicons) | AB76: MOB-Recon bin holds more than one plasmid family; mcr plasmid type not resolved with short reads. mcr-1 call is PARTIALX (61.5% coverage, 100.00% identity); check before counting. | AC76: |mcr-1| | AD76: 100 | AE76: 0.14 | AF76: no | AG76: Yes
A77: PDT001647733.2 | B77: SAMN33246729 | C77: PRJNA860154 | D77: GCA_028882105.2 | G77: GenBank assembly (no reads) | H77: NN-MR-49P | I77: Nigeria | K77: 2015 | L77: 2015 | M77: Homo sapiens | N77: rectal swab | O77: Human | Q77: clinical | R77: mcr-1.1 | W77: 5 | X77: 22 | Y77: aac(3)-IIe aadA1 aadA2 acrR_E190KfsTer54 ant(2'')-Ia aph(3'')-Ib aph(3')-Ia aph(6)-Id blaTEM-1 catA1 cmlA1 dfrA1 dfrA24 dfrA36 estX-3 floR gyrA_D87N gyrA_S83L mcr-1.1 ompF_Y124TerfsTer0 parC_E84G parC_S80I sul1 sul2 sul2 sul3 tet(A) tet(B) | Z77: 1266 | AA77: IncHI2 / IncHI2A / IncQ1 | AC77: |mcr-1.1| | AD77: 100 | AE77: 0.97 | AF77: no | AG77: Yes
A78: PDT001725757.1 | B78: SAMN34441004 | C78: PRJNA860154 | D78: GCA_029953225.1 | G78: GenBank assembly (no reads) | H78: NW-MR1609 | I78: Nigeria | K78: 2016 | L78: 2016 | M78: Homo sapiens | O78: Human | Q78: clinical | R78: mcr-1.1 | T78: blaCTX-M-15 | W78: 7 | X78: 3 | Y78: blaCTX-M-15 cyaA_S352T mcr-1.1 qnrS1 | Z78: 484 | AA78: IncX4 | AC78: |mcr-1.1| | AD78: 100 | AE78: 0.19 | AF78: no | AG78: Yes
A79: PDT001689085.1 | B79: SAMN13191328 | C79: PRJNA587479 | D79: GCA_029742665.1 | E79: SRR10392137 | G79: SRA Illumina PE reads | H79: EGYMCR | I79: Egypt | J79: Luxor | K79: 2017 | L79: 2017-10-08 | N79: SAUSAGE | O79: Food (non-poultry) | Q79: environmental/other | R79: mcr-1.1 | W79: 229 | X79: 13 | Y79: aac(3)-IIe aadA2 aph(3'')-Ib blaTEM-1 dfrA12 floR gyrA_S83L mcr-1.1 mph(A) nfsA_G126R qnrS1 sul1 sul2 sul2 tet(A) | Z79: 101 | AA79: IncI2 (MOB-Recon bin) | AC79: |mcr-1.1| | AD79: 100 | AE79: 0.36 | AF79: no | AG79: Yes
A80: PDT001686555.1 | B80: SAMD00328572 | C80: PRJDB11824 | D80: GCA_029678165.1 | E80: DRR300284 | F80: DRR300283 | G80: SRA Illumina PE reads | H80: 73 | I80: Egypt | M80: Homo sapiens | O80: Human | Q80: clinical | R80: mcr-1.1 | W80: 184 | X80: 14 | Y80: aac(3)-IId aadA22 aadA5 aph(3'')-Ib aph(3')-Ia aph(6)-Id blaTEM-1 catA1 dfrA17 gyrA_D87N gyrA_S83L mcr-1.1 mph(A) parC_A56T parC_S80I sul1 sul2 tet(B) | Z80: 744 | AA80: IncX4 | AC80: |mcr-1.1| | AD80: 100 | AE80: 0.09 | AF80: no | AG80: Yes
A81: PDT001686554.1 | B81: SAMD00328569 | C81: PRJDB11824 | D81: GCA_029680065.1 | E81: DRR300282 | F81: DRR300281 | G81: SRA Illumina PE reads | H81: 51 | I81: Egypt | M81: Homo sapiens | O81: Human | Q81: clinical | R81: mcr-1.1 | T81: blaCTX-M-14 | W81: 172 | X81: 17 | Y81: aadA1 aadA2 aadA2 aph(3'')-Ib aph(3')-Ia aph(6)-Id blaCTX-M-14 blaTEM-1 cirA_Q65Ter cmlA1 dfrA12 estX-3 floR gyrA_D87N gyrA_S83L mcr-1.1 parC_S80I sul1 sul2 sul3 tet(A) | Z81: 1011 | AA81: Plasmid, no replicon detected (MOB-Recon) | AB81: mcr contig only 4,295 bp; bin assignment is tentative. | AC81: |mcr-1.1| | AD81: 100 | AE81: 0.44 | AF81: no | AG81: Yes
A82: PDT001543782.1 | B82: SAMEA112238986 | C82: PRJEB44720 | D82: GCA_027267495.1 | E82: ERR10670898 | G82: SRA Illumina PE reads | I82: Nigeria | K82: 2016 | L82: 2016 | M82: Homo sapiens | N82: Rectal Swab | O82: Human | Q82: clinical | R82: mcr-1.1 | T82: blaCTX-M-15 | W82: 273 | X82: 3 | Y82: blaCTX-M-15 cyaA_S352T mcr-1.1 qnrS1 | Z82: 484 | AA82: IncX4 | AC82: |mcr-1.1| | AD82: 100 | AE82: 0.13 | AF82: no | AG82: Yes
A83: PDT001543770.1 | B83: SAMEA112238980 | C83: PRJEB44720 | D83: GCA_027266795.1 | E83: ERR10670886 | G83: SRA Illumina PE reads | I83: Nigeria | K83: 2016 | L83: 2016 | M83: Homo sapiens | N83: Rectal Swab | O83: Human | Q83: clinical | R83: mcr-1.1 | W83: 485 | X83: 25 | Y83: aac(3)-IIe aadA1 aadA1 aadA2 acrR_E190KfsTer54 ant(2'')-Ia aph(3'')-Ib aph(3')-Ia aph(6)-Id blaOXA blaTEM-1 catA1 cmlA1 dfrA1 dfrA24 dfrA36 estX-3 floR gyrA_D87N gyrA_S83L mcr-1.1 ompF_Y124TerfsTer0 parC_E84G parC_S80I sul1 sul1 sul2 sul2 sul3 tet(A) tet(B) | Z83: Untypeable | AA83: IncHI2A/IncQ1 (MOB-Recon bin) | AB83: Novel or partial MLST allele (adk(168) fumC(~184) gyrB(53) icd(140) mdh(24) purA(85) recA(42)). | AC83: |mcr-1.1| | AD83: 100 | AE83: 0.91 | AF83: no | AG83: Yes
A84: PDT001146156.1 | B84: SAMN16293355 | C84: PRJNA666443 | D84: GCA_020281985.1 | G84: GenBank assembly (no reads) | H84: 82CH | I84: Egypt | K84: 2017 | L84: 2017 | M84: chicken | N84: carcass | O84: Poultry | P84: Poultry meat/carcass | Q84: environmental/other | R84: mcr-1.1 | T84: blaCTX-M-104 | W84: 244 | X84: 18 | Y84: aac(3)-IIe aadA1 aph(3'')-Ib aph(6)-Id blaCTX-M-104 blaTEM-1 cirA_D446EfsTer18 dfrA1 estX floR fosA4 gyrA_D87N gyrA_S83L lnu(F) mcr-1.1 mph(A) mph(B) parC_S80I rdmCL sul1 sul2 tet(A) | Z84: 224 | AA84: IncHI2A/IncI2/IncQ1 (MOB-Recon bin, mixed replicons) | AB84: MOB-Recon bin holds more than one plasmid family; mcr plasmid type not resolved with short reads. | AC84: |mcr-1.1| | AD84: 100 | AE84: 0.23 | AF84: no | AG84: Yes
A85: PDT001039456.1 | B85: SAMEA8550478 | C85: PRJEB42795 | D85: GCA_907164235.1 | E85: ERR5696778 | G85: SRA Illumina PE reads | H85: PBIO396 | I85: Rwanda | K85: 2014 | L85: 2014 | N85: rectal swab | O85: Unspecified | R85: mcr-9.1 | W85: 175 | X85: 20 | Y85: aac(3)-IIg aac(6')-IIc aac(6')-Ib3 aadA1 aadA2 aph(3'')-Ib aph(6)-Id arr blaOXA-1 blaSHV-12 blaTEM-1 catA1 catA2 dfrA19 ere(A) mcr-9.1 sul1 sul2 tet(B) tet(D) | Z85: 181 | AA85: IncHI2A (MOB-Recon bin) | AB85: mcr contig only 2,627 bp; bin assignment is tentative. | AC85: |mcr-9.1| | AD85: 100 | AE85: 0.06 | AF85: no | AG85: Yes
A86: PDT001039426.1 | B86: SAMEA8550450 | C86: PRJEB42795 | D86: GCA_907163985.1 | E86: ERR5696750 | G86: SRA Illumina PE reads | H86: PBIO353 | I86: Rwanda | K86: 2014 | L86: 2014 | N86: rectal swab | O86: Unspecified | R86: mcr-9.1 | W86: 378 | X86: 11 | Y86: aac(3)-IIg aac(6')-IIc arr blaSHV-12 blaTEM-1 catA2 dfrA15 ere(A) mcr-9.1 qnrB2 sul1 | Z86: 540 | AA86: IncHI2A (MOB-Recon bin) | AB86: mcr contig only 2,627 bp; bin assignment is tentative. | AC86: |mcr-9.1| | AD86: 100 | AE86: 0.39 | AF86: no | AG86: Yes
A87: PDT001018769.1 | B87: SAMN17183229 | C87: PRJNA688626 | D87: GCA_018263975.1 | E87: SRR13376017 | G87: SRA Illumina PE reads | H87: ALPHECOLI2U | I87: Egypt | J87: Alexandria | K87: 2019 | L87: 2019-12-21 | M87: Homo sapiens | N87: urinary catheter | O87: Human | Q87: clinical | R87: mcr-1.1 | W87: 357 | X87: 20 | Y87: aac(3)-IIe aadA1 aadA2 aph(3'')-Ib aph(3')-Ia aph(6)-Id blaSHV-12 blaTEM-1 catA1 cirA_Q65Ter cmlA1 cyaA_S352T dfrA1 estX-3 floR gyrA_D87N gyrA_S83L lnu(F) mcr-1.1 parC_S80R qnrS1 sat2 sul2 sul3 tet(A) | Z87: 117 | AA87: IncHI2A/IncQ1 (MOB-Recon bin) | AC87: |mcr-1.1| | AD87: 100 | AE87: 0.3 | AF87: yes | AG87: Yes
A88: PDT000946736.1 | B88: SAMEA7177508 | C88: PRJEB39739 | E88: ERR4452414 | G88: SRA Illumina PE reads | H88: Ped3 | I88: Ethiopia | J88: Oromiya, Jimma | K88: 2016 | L88: 2016 | O88: Unspecified | R88: mcr-9.1 | T88: blaCTX-M-15 | W88: 234 | X88: 26 | Y88: aac(3)-IId aac(3)-IIg aac(6')-IIc aac(6')-Ib-cr5 aadA5 aph(3'')-Ib aph(3'')-Ib aph(3')-Ia aph(6)-Id arr blaCMY-2 blaCTX-M-15 blaOXA-1 blaSHV-12 blaTEM-1 catA2 catB3 catB3 dfrA17 ere(A) ftsI_N337NYRIN gyrA_D87N gyrA_S83L mcr-9.1 mph(A) ompC_R195L parC_S80I parE_S458A sul1 sul2 sul2 tet(B) | Z88: 410 | AA88: IncHI2A (MOB-Recon bin) | AB88: mcr contig only 2,526 bp; bin assignment is tentative. | AC88: |mcr-9.1| | AD88: 100 | AE88: 0.07 | AF88: no | AG88: Yes
A89: PDT000864605.1 | B89: SAMN16064910 | C89: PRJNA661596 | D89: GCA_014900955.1 | F89: SRR13675951 | G89: GenBank assembly + long reads | H89: A-1-10-1 | I89: Egypt | K89: 2019 | L89: 2019 | M89: chicken | N89: feces | O89: Poultry | P89: Live bird (faeces/cloaca/organ) | Q89: environmental/other | R89: mcr-1.1 | T89: blaCTX-M-15 | W89: 264 | X89: 24 | Y89: aac(3)-IIe aadA1 aadA2 aph(3'')-Ib aph(3')-Ia aph(6)-Id arr-2 blaCTX-M-15 blaTEM-1 cmlA1 dfrA14 dfrA1 dfrA7 ere(A) erm(42) erm(B) estX-3 floR gyrA_D87N gyrA_S83L mcr-1.1 mph(A) parC_S80I sul1 sul3 tet(A) tet(X5) | Z89: 10 | AA89: IncHI2A (MOB-Recon bin) | AC89: |mcr-1.1| | AD89: 100 | AE89: 0.1 | AF89: yes | AG89: Yes
A90: PDT000864604.1 | B90: SAMN16064908 | C90: PRJNA661596 | D90: GCA_014900945.1 | F90: SRR13675950 | G90: GenBank assembly + long reads | H90: A-1-4-1 | I90: Egypt | K90: 2019 | L90: 2019 | M90: chicken | N90: feces | O90: Poultry | P90: Live bird (faeces/cloaca/organ) | Q90: environmental/other | R90: mcr-1.1 | T90: blaCTX-M-15 | W90: 132 | X90: 22 | Y90: aac(3)-IIe aadA1 aadA2 aph(3'')-Ib aph(3')-Ia aph(6)-Id arr-2 blaCTX-M-15 blaTEM-1 catA1 cmlA1 dfrA12 dfrA7 ere(A) estX-3 floR fosA4 gyrA_D87N gyrA_S83L mcr-1.1 mph(A) parC_S80I sul3 tet(A) tet(X5) | Z90: 155 | AA90: IncHI2 / IncHI2A | AC90: |mcr-1.1| | AD90: 100 | AE90: 0.13 | AF90: yes | AG90: Yes
A91: PDT000864603.1 | B91: SAMN16064909 | C91: PRJNA661596 | D91: GCA_014900915.1 | F91: SRR13675949 | G91: GenBank assembly + long reads | H91: A-1-8-1 | I91: Egypt | K91: 2019 | L91: 2019 | M91: chicken | N91: feces | O91: Poultry | P91: Live bird (faeces/cloaca/organ) | Q91: environmental/other | R91: mcr-1.1 | W91: 122 | X91: 20 | Y91: aac(3)-IIe aadA1 aadA2 aph(3'')-Ib aph(3')-Ia aph(6)-Id blaTEM-1 catA1 cmlA1 dfrA12 dfrA7 estX-3 floR fosA4 gyrA_D87N gyrA_S83L mcr-1.1 mph(A) parC_S80I sul1 sul3 tet(A) tet(X5) | Z91: 155 | AA91: IncHI2 / IncHI2A | AC91: |mcr-1.1| | AD91: 100 | AE91: 0.13 | AF91: yes | AG91: Yes
A92: PDT000864602.1 | B92: SAMN16064911 | C92: PRJNA661596 | D92: GCA_014900925.1 | F92: SRR13675948 | G92: GenBank assembly + long reads | H92: A-1-11-3 | I92: Egypt | K92: 2019 | L92: 2019 | M92: chicken | N92: feces | O92: Poultry | P92: Live bird (faeces/cloaca/organ) | Q92: environmental/other | R92: mcr-1.1 | T92: blaCTX-M-15 | W92: 261 | X92: 23 | Y92: aac(3)-IIe aadA2 aph(3'')-Ib aph(3')-Ia aph(6)-Id arr blaCTX-M-15 blaTEM-1 cmlA1 dfrA14 dfrA1 dfrA7 ere(A) erm(42) erm(B) estX-3 floR gyrA_D87N gyrA_S83L mcr-1.1 mph(A) parC_S80I sul1 sul3 tet(A) tet(X5) | Z92: 10 | AA92: IncHI2A (MOB-Recon bin) | AC92: |mcr-1.1| | AD92: 100 | AE92: 0.07 | AF92: yes | AG92: Yes
A93: PDT000864601.1 | B93: SAMN16064912 | C93: PRJNA661596 | D93: GCA_014900935.1 | F93: SRR13675947 | G93: GenBank assembly + long reads | H93: A-1-22-2 | I93: Egypt | K93: 2019 | L93: 2019 | M93: chicken | N93: feces | O93: Poultry | P93: Live bird (faeces/cloaca/organ) | Q93: environmental/other | R93: mcr-1.1 | T93: blaCTX-M-15 | W93: 255 | X93: 24 | Y93: aac(3)-IIe aadA1 aadA2 aph(3'')-Ib aph(3')-Ia aph(6)-Id arr-2 blaCTX-M-15 blaTEM-1 cmlA1 dfrA14 dfrA1 dfrA7 ere(A) erm(42) erm(B) estX-3 floR gyrA_D87N gyrA_S83L mcr-1.1 mph(A) parC_S80I sul1 sul3 tet(A) tet(X5) | Z93: 10 | AA93: IncHI2A (MOB-Recon bin) | AC93: |mcr-1.1| | AD93: 100 | AE93: 0.1 | AF93: yes | AG93: Yes
A94: PDT000797344.1 | B94: SAMN14929804 | C94: PRJNA631965 | D94: GCA_013618615.1 | G94: GenBank assembly (no reads) | H94: L27 | I94: Nigeria | K94: 2019 | L94: 2019 | M94: Gallus gallus | N94: backyard farm #18, cloacal swab # 27 | O94: Poultry | P94: Live bird (faeces/cloaca/organ) | Q94: clinical | R94: mcr-1.1 | W94: 373 | X94: 12 | Y94: aac(3)-IIe aadA1 aph(3'')-Ib aph(3')-Ia aph(6)-Id blaTEM-1 dfrA1 estX floR gyrA_D87N gyrA_S83L mcr-1.1 parC_A56T parC_S80I sul3 tet(A) | Z94: 744 | AA94: IncX4 | AC94: |mcr-1.1| | AD94: 100 | AE94: 0.44 | AF94: no | AG94: Yes
A95: PDT000797343.1 | B95: SAMN14929806 | C95: PRJNA631965 | D95: GCA_013618585.1 | G95: GenBank assembly (no reads) | H95: L40 | I95: Nigeria | K95: 2019 | L95: 2019 | M95: Gallus gallus | N95: backyard farm #30, cloacal swab # 40 | O95: Poultry | P95: Live bird (faeces/cloaca/organ) | Q95: clinical | R95: mcr-1.1 | W95: 213 | X95: 11 | Y95: aac(3)-IId aph(3'')-Ib aph(3')-Ia aph(6)-Id blaTEM-1 dfrA14 floR mcr-1.1 qnrS1 sul2 tet(A) uhpT_E350Q | Z95: 191 | AA95: IncX4 | AC95: |mcr-1.1| | AD95: 100 | AE95: 0.12 | AF95: no | AG95: Yes
A96: PDT000751444.1 | B96: SAMN14898735 | C96: PRJNA631965 | D96: GCA_013187515.1 | G96: GenBank assembly (no reads) | H96: L36 | I96: Nigeria | K96: 2019 | L96: 2019 | M96: Gallus gallus | N96: backyard farm #26, liver # 39 | O96: Poultry | P96: Live bird (faeces/cloaca/organ) | Q96: clinical | R96: mcr-1.1 | W96: 178 | X96: 11 | Y96: aac(3)-IId aph(3'')-Ib aph(3')-Ia aph(6)-Id blaTEM-1 dfrA14 floR mcr-1.1 qnrS1 sul2 tet(A) uhpT_E350Q | Z96: 191 | AA96: IncX4 | AC96: |mcr-1.1| | AD96: 100 | AE96: 0.19 | AF96: no | AG96: Yes
A97: PDT000751443.1 | B97: SAMN14898732 | C97: PRJNA631965 | D97: GCA_013187505.1 | G97: GenBank assembly (no reads) | H97: L23 | I97: Nigeria | K97: 2019 | L97: 2019 | M97: Gallus gallus | N97: backyard farm #12, cloacal swab # 23 | O97: Poultry | P97: Live bird (faeces/cloaca/organ) | Q97: clinical | R97: mcr-1.1 | W97: 154 | X97: 9 | Y97: aac(3)-VIa blaTEM-1 dfrA14 estX-3 gyrA_S83L mcr-1.1 qnrS1 sul1 sul3 tet(A) | Z97: 2485 | AA97: IncX4 | AC97: |mcr-1.1| | AD97: 100 | AE97: 0.16 | AF97: no | AG97: Yes
A98: PDT000751442.1 | B98: SAMN14898734 | C98: PRJNA631965 | D98: GCA_013187405.1 | G98: GenBank assembly (no reads) | H98: L29 | I98: Nigeria | K98: 2019 | L98: 2019 | M98: Gallus gallus | N98: backyard farm #18, cloacal swab # 29 | O98: Poultry | P98: Live bird (faeces/cloaca/organ) | Q98: clinical | R98: mcr-1.1 | W98: 145 | X98: 9 | Y98: aac(3)-VIa blaTEM-1 dfrA14 estX-3 gyrA_S83L mcr-1.1 qnrS1 sul1 sul3 tet(A) | Z98: 2485 | AA98: IncX4 | AC98: |mcr-1.1| | AD98: 100 | AE98: 0.18 | AF98: no | AG98: Yes
A99: PDT000669034.1 | B99: SAMN13107363 | C99: PRJNA579261 | D99: GCA_009925515.1 | G99: GenBank assembly (no reads) | H99: 22CMI-A | I99: Tanzania | J99: Zanzibar | K99: 2018 | L99: 2018-07 | N99: chicken meat | O99: Poultry | P99: Poultry meat/carcass | Q99: environmental/other | R99: mcr-1.1 | W99: 126 | X99: 10 | Y99: aadA5 acrR_R192AfsTer52 aph(3'')-Ib aph(6)-Id blaTEM-1 dfrA17 gyrA_D87N gyrA_S83L mcr-1.1 mph(A) parC_S80I parE_S458A sul1 sul2 tet(A) | Z99: 46 | AA99: IncX4 | AC99: |mcr-1.1| | AD99: 100 | AE99: 0.02 | AF99: no | AG99: Yes
A100: PDT000669032.1 | B100: SAMN13107361 | C100: PRJNA579261 | D100: GCA_009925505.1 | G100: GenBank assembly (no reads) | H100: 5CML-D | I100: Tanzania | J100: Zanzibar | K100: 2018 | L100: 2018-07 | N100: chicken meat | O100: Poultry | P100: Poultry meat/carcass | Q100: environmental/other | R100: mcr-1.1 | W100: 103 | X100: 1 | Y100: gyrA_D87N gyrA_S83L mcr-1.1 parC_S80I parE_S458A uhpT_E350Q | Z100: 224 | AA100: IncX4 | AC100: |mcr-1.1| | AD100: 100 | AE100: 0.11 | AF100: no | AG100: Yes
A101: PDT000669030.1 | B101: SAMN13107364 | C101: PRJNA579261 | D101: GCA_009925485.1 | G101: GenBank assembly (no reads) | H101: 25CML-A | I101: Tanzania | J101: Zanzibar | K101: 2018 | L101: 2018-07 | N101: chicken meat | O101: Poultry | P101: Poultry meat/carcass | Q101: environmental/other | R101: mcr-1.1 | W101: 120 | X101: 10 | Y101: aadA5 acrR_R192AfsTer52 aph(3'')-Ib aph(6)-Id blaTEM-1 dfrA17 gyrA_D87N gyrA_S83L mcr-1.1 mph(A) parC_S80I parE_S458A sul1 sul2 tet(A) | Z101: 46 | AA101: IncX4 | AC101: |mcr-1.1| | AD101: 100 | AE101: 0.02 | AF101: no | AG101: Yes
A102: PDT000669026.1 | B102: SAMN13107345 | C102: PRJNA579251 | D102: GCA_009925195.1 | G102: GenBank assembly (no reads) | H102: 15CS-C-C | I102: Tanzania | J102: Zanzibar | K102: 2018 | L102: 2018-07 | N102: stool | O102: Unspecified | Q102: environmental/other | R102: mcr-1.1 | W102: 194 | X102: 19 | Y102: aac(3)-IVa aadA1 aadA2 aph(3'')-Ib aph(3')-Ia aph(4)-Ia aph(6)-Id blaTEM-1 catA2 dfrA12 dfrA14 estX-3 mcr-1.1 mph(A) qnrS1 sul1 sul3 tet(A) tet(M) | Z102: 155 | AA102: IncHI2A/IncI2 (MOB-Recon bin, mixed replicons) | AB102: MOB-Recon bin holds more than one plasmid family; mcr plasmid type not resolved with short reads. | AC102: |mcr-1.1| | AD102: 100 | AE102: 0.35 | AF102: no | AG102: Yes
...

Sheet SRA_runs_for_Galaxy
A1: Run | B1: BioSample | C1: Platform | D1: Layout | E1: Country | F1: Sector (derived) | G1: mcr variant(s) | H1: Use
A2: ERR13133321 | B2: SAMEA115598817 | C2: Illumina MiSeq | D2: PAIRED | E2: Egypt | F2: Human | G2: mcr-1.1 | H2: Short-read assembly (Shovill)
A3: ERR13133281 | B3: SAMEA115598777 | C3: Illumina MiSeq | D3: PAIRED | E3: Egypt | F3: Human | G3: mcr-1.1 | H3: Short-read assembly (Shovill)
A4: ERR15952774 | B4: SAMEA115952006 | C4: Illumina NovaSeq 6000 | D4: PAIRED | E4: Malawi | F4: Unspecified | G4: mcr-9 | H4: Short-read assembly (Shovill)
A5: SRR35975910 | B5: SAMN53123346 | C5: Illumina NovaSeq X | D5: PAIRED | E5: Tunisia | F5: Human | G5: mcr-1.1 | H5: Short-read assembly (Shovill)
A6: SRR35975911 | B6: SAMN53123345 | C6: Illumina NovaSeq X | D6: PAIRED | E6: Tunisia | F6: Human | G6: mcr-1.1 | H6: Short-read assembly (Shovill)
A7: SRR32898997 | B7: SAMN47596263 | C7: Illumina NovaSeq 6000 | D7: PAIRED | E7: Tunisia | F7: Food (non-poultry) | G7: mcr-1.1 | H7: Short-read assembly (Shovill)
A8: SRR32899008 | B8: SAMN47596259 | C8: Illumina NovaSeq 6000 | D8: PAIRED | E8: Tunisia | F8: Food (non-poultry) | G8: mcr-1.1 | H8: Short-read assembly (Shovill)
A9: SRR32899019 | B9: SAMN47596258 | C9: Illumina NovaSeq 6000 | D9: PAIRED | E9: Tunisia | F9: Food (non-poultry) | G9: mcr-1.1 | H9: Short-read assembly (Shovill)
A10: SRR33015174 | B10: SAMN40756789 | C10: Illumina MiSeq | D10: PAIRED | E10: Niger | F10: Human | G10: mcr-1 | H10: Short-read assembly (Shovill)
A11: ERR13952704 | B11: SAMEA114285223 | C11: Illumina NovaSeq 6000 | D11: PAIRED | E11: Malawi | F11: Unspecified | G11: mcr-9.1 | H11: Short-read assembly (Shovill)
A12: ERR13952550 | B12: SAMEA114284974 | C12: Illumina NovaSeq 6000 | D12: PAIRED | E12: Malawi | F12: Unspecified | G12: mcr-9.1 | H12: Short-read assembly (Shovill)
... A46: SRR25608269 | B46: SAMN36943049 | C46: ILLUMINA | D46: PAIRED | E46: South Africa | F46: Human | G46: mcr-1.1 | H46: Short-read assembly (Shovill)

Sheet Galaxy_results
A1: BioSample | B1: Galaxy input ID | C1: Galaxy arm | D1: Clean bases after fastp | E1: Est. depth (x, 5.1 Mb genome) | F1: Contigs (QUAST) | G1: Total length (bp) | H1: N50 (bp) | I1: GC (%) | J1: QC status | K1: mcr (PD) | L1: mcr (Galaxy AMRFinderPlus) | M1: AMRFinderPlus method | N1: % coverage | O1: % identity | P1: mcr contig | Q1: ABRicate NCBI mcr | R1: ABRicate ResFinder mcr | S1: PlasmidFinder replicon(s) on mcr contig | T1: MOB-Recon molecule | U1: MOB-Recon bin replicon(s) | V1: MOB-Recon relaxase(s) | W1: MOB-Recon bin size (bp) | X1: MLST ST (raw) | Y1: MLST alleles | Z1: All PlasmidFinder replicons in genome
A2: SAMEA123453495 | B2: GCA_988286365.1 | C2: B (ENA assembly) | E2: =IF(D2="","",D2/5100000) | J2: Not run (ENA upload; 10 contigs, 5.36 Mb) | K2: mcr-1.1 | L2: mcr-1.1 | M2: ALLELEX | N2: 100.00 | O2: 100.00 | P2: ENA|CGBNHJ010000002|CGBNHJ010000002.1 | Q2: mcr-1.1 | R2: mcr-1.1_1 | S2: IncI2_1_Delta | X2: 410 | Y2: adk(6) fumC(4) gyrB(12) icd(1) mdh(20) purA(18) recA(7) | Z2: IncFIB(AP001918)_1, IncFIC(FII)_1, IncI1_1_Alpha, IncI2_1_Delta
A3: SAMEA115598817 | B3: ERR13133321 | C3: A (reads, Shovill) | D3: 924335314 | E3: =IF(D3="","",D3/5100000) | F3: 183 | G3: 5264536 | H3: 147975 | I3: 50.7 | J3: Pass | K3: mcr-1.1 | L3: mcr-1.1 | M3: ALLELEX | N3: 100.00 | O3: 100.00 | P3: contig00041 | Q3: mcr-1.1 | R3: mcr-1.1_1 | S3: IncX4_1 | X3: 1196 | Y3: adk(6) fumC(6) gyrB(33) icd(26) mdh(11) purA(8) recA(2) | Z3: IncFIB(AP001918)_1, IncFIC(FII)_1, IncL/M(pOXA-48)_1_pOXA-48, IncR_1, IncX4_1
A4: SAMEA115598777 | B4: ERR13133281 | C4: A (reads, Shovill) | D4: 984175648 | E4: =IF(D4="","",D4/5100000) | F4: 236 | G4: 5389062 | H4: 105524 | I4: 50.4 | J4: Pass | K4: mcr-1.1 | L4: mcr-1.1 | M4: ALLELEX | N4: 100.00 | O4: 100.00 | P4: contig00093 | Q4: mcr-1.1 | R4: mcr-1.1_1 | S4: none | T4: chromosome | U4: - | V4: - | X4: 359 | Y4: adk(43) fumC(41) gyrB(15) icd(90) mdh(11) purA(8) recA(6) | Z4: IncFIB(AP001918)_1, IncFIC(FII)_1, IncI1_1_Alpha, IncX1_4, p0111_1
A5: SAMN54240895 | B5: GCA_056837985.1 | C5: B (GenBank assembly) | E5: =IF(D5="","",D5/5100000) | F5: 6 | G5: 5501346 | H5: 5011085 | I5: 50.48 | J5: Pass | K5: mcr-1.1 | L5: mcr-1.1 | M5: ALLELEX | N5: 100.00 | O5: 100.00 | P5: JBTFHJ010000006.1 | Q5: mcr-1.1 | R5: mcr-1.1_1 | S5: IncX4_1 | X5: 1011 | Y5: adk(6) fumC(4) gyrB(159) icd(44) mdh(112) purA(1) recA(17) | Z5: IncFIB(AP001918)_1, IncFIC(FII)_1, IncI1_1_Alpha, IncX4_1, p0111_1
A6: SAMN54240896 | B6: GCA_056837925.1 | C6: B (GenBank assembly) | E6: =IF(D6="","",D6/5100000) | F6: 4 | G6: 4954251 | H6: 4697231 | I6: 50.65 | J6: Pass | K6: mcr-1.1 | L6: mcr-1.1 | M6: ALLELEX | N6: 100.00 | O6: 100.00 | P6: JBTFHI010000003.1 | Q6: mcr-1.1 | R6: mcr-1.1_1 | S6: IncX4_1 | X6: 167 | Y6: adk(10) fumC(11) gyrB(4) icd(8) mdh(8) purA(13) recA(2) | Z6: IncFIB(AP001918)_1, IncQ1_1, IncX1_1, IncX4_1
A7: SAMN54240897 | B7: GCA_056837905.1 | C7: B (GenBank assembly) | E7: =IF(D7="","",D7/5100000) | F7: 6 | G7: 5223700 | H7: 4255832 | I7: 50.56 | J7: Pass | K7: mcr-1.1 | L7: mcr-1.1 | M7: ALLELEX | N7: 100.00 | O7: 100.00 | P7: JBTFHH010000004.1 | Q7: mcr-1.1 | R7: mcr-1.1_1 | S7: IncI2_1 | X7: 117 | Y7: adk(20) fumC(45) gyrB(41) icd(43) mdh(5) purA(32) recA(2) | Z7: IncFIB(AP001918)_1, IncFIC(FII)_1, IncI2_1
A8: SAMN54240898 | B8: GCA_056837885.1 | C8: B (GenBank assembly) | E8: =IF(D8="","",D8/5100000) | F8: 6 | G8: 5577124 | H8: 3305771 | I8: 50.52 | J8: Pass | K8: mcr-1.1 | L8: mcr-1.1 | M8: ALLELEX | N8: 100.00 | O8: 100.00 | P8: JBTFHG010000004.1 | Q8: mcr-1.1 | R8: mcr-1.1_1 | S8: IncI2_1_Delta | X8: - | Y8: adk(203) fumC(~210) gyrB(308) icd(25) mdh(4) purA(16) recA(19) | Z8: IncI2_1_Delta
A9: SAMN54240899 | B9: GCA_056837865.1 | C9: B (GenBank assembly) | E9: =IF(D9="","",D9/5100000) | F9: 5 | G9: 5412889 | H9: 5121332 | I9: 50.62 | J9: Pass | K9: mcr-1.1 | L9: mcr-1.1 | M9: ALLELEX | N9: 100.00 | O9: 100.00 | P9: JBTFHF010000004.1 | Q9: mcr-1.1 | R9: mcr-1.1_1 | S9: IncI2_1_Delta | X9: 69 | Y9: adk(21) fumC(35) gyrB(27) icd(6) mdh(5) purA(5) recA(4) | Z9: Col156_1, IncB/O/K/Z_2, IncFIA(HI1)_1_HI1, IncFIB(AP001918)_1, IncI2_1_Delta, IncY_1
A10: SAMN54240900 | B10: GCA_056837825.1 | C10: B (GenBank assembly) | E10: =IF(D10="","",D10/5100000) | F10: 4 | G10: 5296663 | H10: 5079085 | I10: 50.74 | J10: Pass | K10: mcr-1.1 | L10: mcr-1.1 | M10: ALLELEX | N10: 100.00 | O10: 100.00 | P10: JBTFHE010000003.1 | Q10: mcr-1.1 | R10: mcr-1.1_1 | S10: IncI2_1_Delta | X10: 9697 | Y10: adk(6) fumC(4) gyrB(4) icd(16) mdh(9) purA(8) recA(7) | Z10: IncFIB(AP001918)_1, IncFII_1, IncI2_1_Delta
A11: SAMN57053898 | B11: GCA_056711405.1 | C11: B (GenBank assembly) | E11: =IF(D11="","",D11/5100000) | F11: 6 | G11: 5297110 | H11: 5071810 | I11: 50.77 | J11: Pass | K11: mcr-1.1 | L11: mcr-1.1 | M11: ALLELEX | N11: 100.00 | O11: 100.00 | P11: JBWXYB010000003.1 | Q11: mcr-1.1 | R11: mcr-1.1_1 | S11: IncI2_1_Delta | X11: 9697 | Y11: adk(6) fumC(4) gyrB(4) icd(16) mdh(9) purA(8) recA(7) | Z11: IncFIB(AP001918)_1, IncFII_1, IncI2_1_Delta
A12: SAMN47585712 | B12: GCA_055786625.1 | C12: B (GenBank assembly) | E12: =IF(D12="","",D12/5100000) | F12: 5 | G12: 5172786 | H12: 4818742 | I12: 50.57 | J12: Pass | K12: mcr-1.1 | L12: mcr-1.1 | M12: ALLELEX | N12: 100.00 | O12: 100.00 | P12: JBVVBF010000002.1 | Q12: mcr-1.1 | R12: mcr-1.1_1 | S12: IncI2_1_Delta | X12: 162 | Y12: adk(9) fumC(65) gyrB(5) icd(1) mdh(9) purA(13) recA(6) | Z12: IncFIB(AP001918)_1, IncFIC(FII)_1, IncI1_1_Alpha, IncI2_1_Delta
A13: SAMN47585716 | B13: GCA_055786575.1 | C13: B (GenBank assembly) | E13: =IF(D13="","",D13/5100000) | F13: 5 | G13: 5011820 | H13: 4696956 | I13: 50.53 | J13: Pass | K13: mcr-1.1 | L13: mcr-1.1 | M13: ALLELEX | N13: 100.00 | O13: 100.00 | P13: JBVVBC010000001.1 | Q13: mcr-1.1 | R13: mcr-1.1_1 | S13: IncI2_1_Delta | X13: 10 | Y13: adk(10) fumC(11) gyrB(4) icd(8) mdh(8) purA(8) recA(2) | Z13: IncFIB(AP001918)_1, IncFIC(FII)_1, IncI1_1_Alpha, IncI2_1_Delta
A14: SAMN47585720 | B14: GCA_055786505.1 | C14: B (GenBank assembly) | E14: =IF(D14="","",D14/5100000) | F14: 4 | G14: 5306276 | H14: 4924089 | I14: 50.69 | J14: Pass | K14: mcr-1.1 | L14: mcr-1.1 | M14: ALLELEX | N14: 100.00 | O14: 100.00 | P14: JBVVAY010000004.1 | Q14: mcr-1.1 | R14: mcr-1.1_1 | S14: IncI2_1_Delta | X14: 162 | Y14: adk(9) fumC(65) gyrB(5) icd(1) mdh(9) purA(13) recA(6) | Z14: IncFIB(AP001918)_1, IncFIC(FII)_1, IncI1_1_Alpha, IncI2_1_Delta
A15: SAMEA120781931 | B15: GCA_977857605.1 | C15: B (GenBank assembly) | E15: =IF(D15="","",D15/5100000) | F15: 164 | G15: 4911609 | H15: 108383 | I15: 50.55 | J15: Pass | K15: mcr-1.1 | L15: mcr-1.1 | M15: ALLELEX | N15: 100.00 | O15: 100.00 | P15: CDWHEH010000028.1 | Q15: mcr-1.1 | R15: mcr-1.1_1 | S15: none | T15: plasmid | U15: IncHI1A,IncFIA | V15: MOBH | W15: 184243 | X15: 5625 | Y15: adk(10) fumC(7) gyrB(4) icd(10) mdh(12) purA(8) recA(86) | Z15: IncFIA(HI1)_1_HI1, IncFIB(K)_1_Kpn3, IncHI1A_1, IncHI1B(R27)_1_R27
A16: SAMN53123345 | B16: SRR35975911 | C16: A (reads, Shovill) | D16: 4645908303 | E16: =IF(D16="","",D16/5100000) | F16: 96 | G16: 5197667 | H16: 366000 | I16: 50.55 | J16: Pass | K16: mcr-1.1 | L16: mcr-1.1 | M16: ALLELEX | N16: 100.00 | O16: 100.00 | P16: contig00024 | Q16: mcr-1.1 | R16: mcr-1.1_1 | S16: IncX4_1 | X16: 1011 | Y16: adk(6) fumC(4) gyrB(159) icd(44) mdh(112) purA(1) recA(17) | Z16: IncFIB(AP001918)_1, IncL/M(pOXA-48)_1_pOXA-48, IncX1_1, IncX4_1
A17: SAMN53123346 | B17: SRR35975910 | C17: A (reads, Shovill) | D17: 2664629887 | E17: =IF(D17="","",D17/5100000) | F17: 178 | G17: 5279466 | H17: 111627 | I17: 50.4 | J17: Pass | K17: mcr-1.1 | L17: mcr-1.1 | M17: ALLELEX | N17: 100.00 | O17: 100.00 | P17: contig00043 | Q17: mcr-1.1 | R17: mcr-1.1_1 | S17: IncX4_1 | X17: - | Y17: adk(99) fumC(~1179) gyrB(33) icd(33) mdh(24) purA(8) recA(7) | Z17: IncFIB(AP001918)_1, IncFII(pRSB107)_1_pRSB107, IncI1_1_Alpha, IncI2_1_Delta, IncX4_1, p0111_1
A18: SAMN54331487 | B18: GCA_054353075.1 | C18: B (GenBank assembly) | E18: =IF(D18="","",D18/5100000) | F18: 177 | G18: 5053165 | H18: 75692 | I18: 50.51 | J18: Pass | K18: mcr-1.1 | L18: mcr-1.1 | M18: ALLELEX | N18: 100.00 | O18: 100.00 | P18: JBTHIR010000026.1 | Q18: mcr-1.1 | R18: mcr-1.1_1 | S18: IncI2_1 | X18: 10 | Y18: adk(10) fumC(11) gyrB(4) icd(8) mdh(8) purA(8) recA(2) | Z18: Col(BS512)_1, IncFIA_1, IncFIB(AP001918)_1, IncFIC(FII)_1, IncI1_1_Alpha, IncI2_1
A19: SAMEA115952006 | B19: ERR15952774 | C19: A (reads, Shovill) | D19: 450595590 | E19: =IF(D19="","",D19/5100000) | F19: 197 | G19: 5149345 | H19: 114466 | I19: 50.39 | J19: Pass | K19: mcr-9 | L19: mcr-9 | M19: BLASTX | N19: 100.00 | O19: 99.81 | P19: contig00088 | Q19: none | R19: mcr-9.1_1 | S19: none | T19: plasmid | U19: rep_cluster_1088,IncHI2A | V19: MOBH | W19: 332205 | X19: 401 | Y19: adk(1) fumC(107) gyrB(7) icd(11) mdh(7) purA(3) recA(7) | Z19: Col(IRGK)_1, IncHI2A_1, IncHI2_1
A20: SAMN49661573 | B20: GCA_053291725.1 | C20: B (GenBank assembly) | E20: =IF(D20="","",D20/5100000) | F20: 107 | G20: 5324071 | H20: 82543 | I20: 50.47 | J20: Pass | K20: mcr-1.1 | L20: mcr-1.1 | M20: ALLELEX | N20: 100.00 | O20: 100.00 | P20: JBRXEK010000027.1 | Q20: mcr-1.1 | R20: mcr-1.1_1 | S20: IncI2_1 | X20: 57 | Y20: adk(6) fumC(31) gyrB(5) icd(28) mdh(1) purA(1) recA(2) | Z20: IncI2_1, IncY_1
A21: SAMN44571232 | B21: GCA_053044365.1 | C21: B (GenBank assembly) | E21: =IF(D21="","",D21/5100000) | F21: 219 | G21: 5044812 | H21: 148104 | I21: 50.61 | J21: Pass | K21: mcr-1.1 | L21: mcr-1.1 | M21: ALLELEX | N21: 100.00 | O21: 100.00 | P21: JBIZWG010000030.1 | Q21: mcr-1.1 | R21: mcr-1.1_1 | S21: IncI2_1_Delta | X21: 155 | Y21: adk(6) fumC(4) gyrB(14) icd(16) mdh(24) purA(8) recA(14) | Z21: IncFIB(AP001918)_1, IncFIB(H89-PhagePlasmid)_1, IncFII(pCoo)_1_pCoo, IncFII(pRSB107)_1_pRSB107, IncI2_1_Delta, IncX1_1
A22: SAMN44571233 | B22: GCA_053044345.1 | C22: B (GenBank assembly) | E22: =IF(D22="","",D22/5100000) | F22: 217 | G22: 5044351 | H22: 148104 | I22: 50.62 | J22: Pass | K22: mcr-1.1 | L22: mcr-1.1 | M22: ALLELEX | N22: 100.00 | O22: 100.00 | P22: JBIZWH010000027.1 | Q22: mcr-1.1 | R22: mcr-1.1_1 | S22: IncI2_1_Delta | X22: 155 | Y22: adk(6) fumC(4) gyrB(14) icd(16) mdh(24) purA(8) recA(14) | Z22: IncFIB(AP001918)_1, IncFIB(H89-PhagePlasmid)_1, IncFII(pCoo)_1_pCoo, IncFII(pRSB107)_1_pRSB107, IncI2_1_Delta, IncX1_1
A23: SAMN44571236 | B23: GCA_053044255.1 | C23: B (GenBank assembly) | E23: =IF(D23="","",D23/5100000) | F23: 207 | G23: 5045982 | H23: 148713 | I23: 50.61 | J23: Pass | K23: mcr-1.1 | L23: mcr-1.1 | M23: ALLELEX | N23: 100.00 | O23: 100.00 | P23: JBIZWK010000029.1 | Q23: mcr-1.1 | R23: mcr-1.1_1 | S23: IncI2_1_Delta | X23: 155 | Y23: adk(6) fumC(4) gyrB(14) icd(16) mdh(24) purA(8) recA(14) | Z23: IncFIB(AP001918)_1, IncFIB(H89-PhagePlasmid)_1, IncFII(pCoo)_1_pCoo, IncFII(pRSB107)_1_pRSB107, IncI2_1_Delta, IncX1_1
A24: SAMN44571234 | B24: GCA_053044235.1 | C24: B (GenBank assembly) | E24: =IF(D24="","",D24/5100000) | F24: 205 | G24: 5046788 | H24: 148104 | I24: 50.62 | J24: Pass | K24: mcr-1.1 | L24: mcr-1.1 | M24: ALLELEX | N24: 100.00 | O24: 100.00 | P24: JBIZWI010000025.1 | Q24: mcr-1.1 | R24: mcr-1.1_1 | S24: IncI2_1_Delta | X24: 155 | Y24: adk(6) fumC(4) gyrB(14) icd(16) mdh(24) purA(8) recA(14) | Z24: IncFIB(AP001918)_1, IncFIB(H89-PhagePlasmid)_1, IncFII(pCoo)_1_pCoo, IncFII(pRSB107)_1_pRSB107, IncI2_1_Delta, IncX1_1
A25: SAMN44571235 | B25: GCA_053044225.1 | C25: B (GenBank assembly) | E25: =IF(D25="","",D25/5100000) | F25: 232 | G25: 5043971 | H25: 123136 | I25: 50.62 | J25: Pass | K25: mcr-1.1 | L25: mcr-1.1 | M25: ALLELEX | N25: 100.00 | O25: 100.00 | P25: JBIZWJ010000031.1 | Q25: mcr-1.1 | R25: mcr-1.1_1 | S25: IncI2_1_Delta | X25: 155 | Y25: adk(6) fumC(4) gyrB(14) icd(16) mdh(24) purA(8) recA(14) | Z25: IncFIB(AP001918)_1, IncFIB(H89-PhagePlasmid)_1, IncFII(pCoo)_1_pCoo, IncFII(pRSB107)_1_pRSB107, IncI2_1_Delta, IncX1_1
A26: SAMN47596258 | B26: SRR32899019 | C26: A (reads, Shovill) | D26: 1305007652 | E26: =IF(D26="","",D26/5100000) | F26: 280 | G26: 5626966 | H26: 113916 | I26: 50.27 | J26: Pass | K26: mcr-1.1 | L26: mcr-1 | M26: BLASTX | N26: 96.86 | O26: 100.00 | P26: contig00095 | Q26: mcr-1.1 | R26: mcr-1.1_1 | S26: none | T26: plasmid | U26: rep_cluster_1088,IncHI2A | V26: MOBH | W26: 257650 | X26: 3941 | Y26: adk(6) fumC(511) gyrB(4) icd(10) mdh(7) purA(8) recA(6) | Z26: IncB/O/K/Z_4, IncFIA_1, IncFIB(AP001918)_1, IncFIC(FII)_1, IncHI2A_1, IncHI2_1, IncI1_1_Alpha, IncI2_1_Delta, p0111_1
A27: SAMN47596259 | B27: SRR32899008 | C27: A (reads, Shovill) | D27: 2044251292 | E27: =IF(D27="","",D27/5100000) | F27: 282 | G27: 5621828 | H27: 115903 | I27: 50.28 | J27: Pass | K27: mcr-1.1 | L27: mcr-1 | M27: BLASTX | N27: 96.86 | O27: 100.00 | P27: contig00091 | Q27: mcr-1.1 | R27: mcr-1.1_1 | S27: none | T27: plasmid | U27: rep_cluster_1088,IncHI2A | V27: MOBH | W27: 256806 | X27: 3941 | Y27: adk(6) fumC(511) gyrB(4) icd(10) mdh(7) purA(8) recA(6) | Z27: IncB/O/K/Z_4, IncFIA_1, IncFIB(AP001918)_1, IncFIC(FII)_1, IncHI2A_1, IncHI2_1, IncI1_1_Alpha, IncI2_1_Delta, p0111_1
A28: SAMN47596263 | B28: SRR32898997 | C28: A (reads, Shovill) | D28: 3122382561 | E28: =IF(D28="","",D28/5100000) | F28: 215 | G28: 5401086 | H28: 218079 | I28: 50.41 | J28: Pass | K28: mcr-1.1 | L28: mcr-1.1 | M28: ALLELEX | N28: 100.00 | O28: 100.00 | P28: contig00032 | Q28: mcr-1.1 | R28: mcr-1.1_1 | S28: IncX4_1 | X28: 6448 | Y28: adk(6) fumC(4) gyrB(32) icd(1) mdh(9) purA(8) recA(6) | Z28: IncFIA_1, IncFIB(AP001918)_1, IncFIC(FII)_1, IncI1_1_Alpha, IncX4_1, p0111_1
A29: SAMN47476602 | B29: GCA_051305755.1 | C29: B (GenBank assembly) | E29: =IF(D29="","",D29/5100000) | F29: 8 | G29: 5349759 | H29: 4899910 | I29: 50.71 | J29: Pass | K29: mcr-1.1 | L29: mcr-1.1 | M29: ALLELEX | N29: 100.00 | O29: 100.00 | P29: JBPPKP010000005.1 | Q29: mcr-1.1 | R29: mcr-1.1_1 | S29: IncI2_1_Delta | X29: 224 | Y29: adk(6) fumC(4) gyrB(33) icd(16) mdh(11) purA(8) recA(6) | Z29: IncFIB(AP001918)_1, IncFII_1, IncI1_1_Alpha, IncI2_1_Delta
A30: SAMN48947222 | B30: GCA_050939535.1 | C30: B (GenBank assembly) | E30: =IF(D30="","",D30/5100000) | F30: 127 | G30: 5156199 | H30: 148018 | I30: 50.48 | J30: Pass | K30: mcr-1.1 | L30: mcr-1.1 | M30: ALLELEX | N30: 100.00 | O30: 100.00 | P30: JBPBRY010000027.1 | Q30: mcr-1.1 | R30: mcr-1.1_1 | S30: IncI2_1_Delta | X30: 616 | Y30: adk(6) fumC(4) gyrB(12) icd(16) mdh(24) purA(8) recA(14) | Z30: IncFIB(AP001918)_1, IncFIC(FII)_1, IncI1_1_Alpha, IncI2_1_Delta
A31: SAMN48947229 | B31: GCA_050939515.1 | C31: B (GenBank assembly) | E31: =IF(D31="","",D31/5100000) | F31: 185 | G31: 5131111 | H31: 93748 | I31: 50.44 | J31: Pass | K31: mcr-1.1 | L31: mcr-1.1 | M31: ALLELEX | N31: 100.00 | O31: 100.00 | P31: JBPBRR010000058.1 | Q31: mcr-1.1 | R31: mcr-1.1_1 | S31: none | T31: plasmid | U31: IncI2 | V31: MOBP | W31: 65398 | X31: 93 | Y31: adk(6) fumC(11) gyrB(4) icd(10) mdh(7) purA(8) recA(6) | Z31: IncFIB(AP001918)_1, IncI2_1_Delta
A32: SAMN48947223 | B32: GCA_050939415.1 | C32: B (GenBank assembly) | E32: =IF(D32="","",D32/5100000) | F32: 232 | G32: 5471908 | H32: 88795 | I32: 50.3 | J32: Pass | K32: mcr-1.1 | L32: mcr-1.1 | M32: ALLELEX | N32: 100.00 | O32: 100.00 | P32: JBPBRX010000033.1 | Q32: mcr-1.1 | R32: mcr-1.1_1 | S32: IncI2_1_Delta | X32: 101 | Y32: adk(43) fumC(41) gyrB(15) icd(18) mdh(11) purA(7) recA(6) | Z32: IncFIB(AP001918)_1, IncFIC(FII)_1, IncI2_1_Delta, IncX1_4, p0111_1
A33: SAMN48947225 | B33: GCA_050939375.1 | C33: B (GenBank assembly) | E33: =IF(D33="","",D33/5100000) | F33: 146 | G33: 5164622 | H33: 133594 | I33: 50.49 | J33: Pass | K33: mcr-1.1 | L33: mcr-1.1 | M33: ALLELEX | N33: 100.00 | O33: 100.00 | P33: JBPBRV010000028.1 | Q33: mcr-1.1 | R33: mcr-1.1_1 | S33: IncI2_1_Delta | X33: 616 | Y33: adk(6) fumC(4) gyrB(12) icd(16) mdh(24) purA(8) recA(14) | Z33: IncFIB(AP001918)_1, IncFIC(FII)_1, IncI1_1_Alpha, IncI2_1_Delta
A34: SAMN48947216 | B34: GCA_050939335.1 | C34: B (GenBank assembly) | E34: =IF(D34="","",D34/5100000) | F34: 123 | G34: 5159682 | H34: 185478 | I34: 50.48 | J34: Pass | K34: mcr-1.1 | L34: mcr-1.1 | M34: ALLELEX | N34: 100.00 | O34: 100.00 | P34: JBPBSE010000026.1 | Q34: mcr-1.1 | R34: mcr-1.1_1 | S34: IncI2_1_Delta | X34: 616 | Y34: adk(6) fumC(4) gyrB(12) icd(16) mdh(24) purA(8) recA(14) | Z34: IncFIB(AP001918)_1, IncFIC(FII)_1, IncI1_1_Alpha, IncI2_1_Delta
A35: SAMN48947220 | B35: GCA_050939315.1 | C35: B (GenBank assembly) | E35: =IF(D35="","",D35/5100000) | F35: 164 | G35: 5173640 | H35: 173256 | I35: 50.49 | J35: Pass | K35: mcr-1.1 | L35: mcr-1.1 | M35: ALLELEX | N35: 100.00 | O35: 100.00 | P35: JBPBSA010000057.1 | Q35: mcr-1.1 | R35: mcr-1.1_1 | S35: none | T35: plasmid | U35: IncI2 | V35: MOBP | W35: 59875 | X35: 616 | Y35: adk(6) fumC(4) gyrB(12) icd(16) mdh(24) purA(8) recA(14) | Z35: IncFIB(AP001918)_1, IncFIC(FII)_1, IncI1_1_Alpha, IncI2_1_Delta
A36: SAMN48947210 | B36: GCA_050939295.1 | C36: B (GenBank assembly) | E36: =IF(D36="","",D36/5100000) | F36: 97 | G36: 5442309 | H36: 160203 | I36: 49.37 | J36: Pass | K36: mcr-1.1 | L36: mcr-1.1 | M36: ALLELEX | N36: 100.00 | O36: 100.00 | P36: JBPBSK010000030.1 | Q36: mcr-1.1 | R36: mcr-1.1_1 | S36: IncI2_1_Delta | X36: 354 | Y36: adk(85) fumC(88) gyrB(78) icd(29) mdh(59) purA(58) recA(62) | Z36: IncI2_1_Delta, IncQ1_1
A37: SAMN48947221 | B37: GCA_050939235.1 | C37: B (GenBank assembly) | E37: =IF(D37="","",D37/5100000) | F37: 209 | G37: 5456559 | H37: 89608 | I37: 50.3 | J37: Pass | K37: mcr-1.1 | L37: mcr-1.1 | M37: ALLELEX | N37: 100.00 | O37: 100.00 | P37: JBPBRZ010000032.1 | Q37: mcr-1.1 | R37: mcr-1.1_1 | S37: IncI2_1_Delta | X37: 101 | Y37: adk(43) fumC(41) gyrB(15) icd(18) mdh(11) purA(7) recA(6) | Z37: IncFIB(AP001918)_1, IncFIC(FII)_1, IncI2_1_Delta, IncX1_4, p0111_1
A38: SAMN48947182 | B38: GCA_050939215.1 | C38: B (GenBank assembly) | E38: =IF(D38="","",D38/5100000) | F38: 131 | G38: 5124396 | H38: 148457 | I38: 50.67 | J38: Pass | K38: mcr-1.1 | L38: mcr-1.1 | M38: ALLELEX | N38: 100.00 | O38: 100.00 | P38: JBPBTM010000028.1 | Q38: mcr-1.1 | R38: mcr-1.1_1 | S38: IncI2_1 | X38: 162 | Y38: adk(9) fumC(65) gyrB(5) icd(1) mdh(9) purA(13) recA(6) | Z38: IncFIB(AP001918)_1, IncFIC(FII)_1, IncFII(pCoo)_1_pCoo, IncI2_1, IncY_1
A39: SAMN48947184 | B39: GCA_050939195.1 | C39: B (GenBank assembly) | E39: =IF(D39="","",D39/5100000) | F39: 179 | G39: 5178776 | H39: 130593 | I39: 50.62 | J39: Pass | K39: mcr-1.1 | L39: mcr-1.1 | M39: ALLELEX | N39: 100.00 | O39: 100.00 | P39: JBPBTK010000028.1 | Q39: mcr-1.1 | R39: mcr-1.1_1 | S39: IncI2_1_Delta | X39: 117 | Y39: adk(20) fumC(45) gyrB(41) icd(43) mdh(5) purA(32) recA(2) | Z39: IncFIB(AP001918)_1, IncFIC(FII)_1, IncI2_1_Delta
A40: SAMN48947181 | B40: GCA_050939175.1 | C40: B (GenBank assembly) | E40: =IF(D40="","",D40/5100000) | F40: 192 | G40: 5038682 | H40: 67483 | I40: 50.57 | J40: Pass | K40: mcr-1.1 | L40: mcr-1.1 | M40: ALLELEX | N40: 100.00 | O40: 100.00 | P40: JBPBTN010000027.1 | Q40: mcr-1.1 | R40: mcr-1.1_1 | S40: IncI2_1_Delta | X40: - | Y40: adk(6) fumC(11) gyrB(4) icd(8) mdh(276) purA(8) recA(6) | Z40: Col156_1, IncFIB(AP001918)_1, IncI2_1_Delta, IncY_1
A41: SAMN48947185 | B41: GCA_050939155.1 | C41: B (GenBank assembly) | E41: =IF(D41="","",D41/5100000) | F41: 149 | G41: 5066400 | H41: 100536 | I41: 50.35 | J41: Pass | K41: mcr-1.1 | L41: mcr-1.1 | M41: ALLELEX | N41: 100.00 | O41: 100.00 | P41: JBPBTJ010000028.1 | Q41: mcr-1.1 | R41: mcr-1.1_1 | S41: IncI2_1_Delta | X41: 93 | Y41: adk(6) fumC(11) gyrB(4) icd(10) mdh(7) purA(8) recA(6) | Z41: IncFIB(AP001918)_1, IncI1_1_Alpha, IncI2_1_Delta
A42: SAMN48947234 | B42: GCA_050939135.1 | C42: B (GenBank assembly) | E42: =IF(D42="","",D42/5100000) | F42: 104 | G42: 5275047 | H42: 160831 | I42: 50.49 | J42: Pass | K42: mcr-1.1 | L42: mcr-1.1 | M42: ALLELEX | N42: 100.00 | O42: 100.00 | P42: JBPBRM010000030.1 | Q42: mcr-1.1 | R42: mcr-1.1_1 | S42: IncI2_1 | X42: 8492 | Y42: adk(6) fumC(65) gyrB(32) icd(26) mdh(11) purA(8) recA(6) | Z42: IncFIB(AP001918)_1, IncFIC(FII)_1, IncI1_1_Alpha, IncI2_1, p0111_1
A43: SAMN48947233 | B43: GCA_050939115.1 | C43: B (GenBank assembly) | E43: =IF(D43="","",D43/5100000) | F43: 105 | G43: 5272496 | H43: 143219 | I43: 50.48 | J43: Pass | K43: mcr-1.1 | L43: mcr-1.1 | M43: ALLELEX | N43: 100.00 | O43: 100.00 | P43: JBPBRN010000029.1 | Q43: mcr-1.1 | R43: mcr-1.1_1 | S43: IncI2_1 | X43: 8492 | Y43: adk(6) fumC(65) gyrB(32) icd(26) mdh(11) purA(8) recA(6) | Z43: IncFIB(AP001918)_1, IncFIC(FII)_1, IncI1_1_Alpha, IncI2_1, p0111_1
A44: SAMN48947213 | B44: GCA_050939075.1 | C44: B (GenBank assembly) | E44: =IF(D44="","",D44/5100000) | F44: 126 | G44: 5207886 | H44: 161586 | I44: 50.48 | J44: Pass | K44: mcr-1.1 | L44: mcr-1.1 | M44: ALLELEX | N44: 100.00 | O44: 100.00 | P44: JBPBSH010000051.1 | Q44: mcr-1.1 | R44: mcr-1.1_1 | S44: none | T44: plasmid | U44: IncI2 | V44: MOBP | W44: 62260 | X44: 162 | Y44: adk(9) fumC(65) gyrB(5) icd(1) mdh(9) purA(13) recA(6) | Z44: IncFIB(AP001918)_1, IncFIC(FII)_1, IncI1_1_Alpha, IncI2_1_Delta
A45: SAMN48947215 | B45: GCA_050939055.1 | C45: B (GenBank assembly) | E45: =IF(D45="","",D45/5100000) | F45: 66 | G45: 4942002 | H45: 214408 | I45: 50.44 | J45: Pass | K45: mcr-1.1 | L45: mcr-1.1 | M45: ALLELEX | N45: 100.00 | O45: 100.00 | P45: JBPBSF010000037.1 | Q45: mcr-1.1 | R45: mcr-1.1_1 | S45: none | T45: plasmid | U45: IncI2 | V45: MOBP | W45: 66272 | X45: 11956 | Y45: adk(10) fumC(11) gyrB(5) icd(8) mdh(7) purA(18) recA(2) | Z45: Col156_1, IncFIB(AP001918)_1, IncFII_1, IncI2_1_Delta, IncY_1
A46: SAMN48947203 | B46: GCA_050939035.1 | C46: B (GenBank assembly) | E46: =IF(D46="","",D46/5100000) | F46: 186 | G46: 5058724 | H46: 83367 | I46: 50.45 | J46: Pass | K46: mcr-1.1 | L46: mcr-1.1 | M46: ALLELEX | N46: 100.00 | O46: 100.00 | P46: JBPBSR010000027.1 | Q46: mcr-1.1 | R46: mcr-1.1_1 | S46: IncI2_1_Delta | X46: 7139 | Y46: adk(10) fumC(11) gyrB(4) icd(724) mdh(8) purA(8) recA(2) | Z46: ColpEC648, IncI1_1_Alpha, IncI2_1_Delta, p0111_1
A47: SAMN48947209 | B47: GCA_050939015.1 | C47: B (GenBank assembly) | E47: =IF(D47="","",D47/5100000) | F47: 121 | G47: 5258442 | H47: 116143 | I47: 50.39 | J47: Pass | K47: mcr-1.1 | L47: mcr-1.1 | M47: ALLELEX | N47: 100.00 | O47: 100.00 | P47: JBPBSL010000030.1 | Q47: mcr-1.1 | R47: mcr-1.1_1 | S47: IncI2_1_Delta | X47: 162 | Y47: adk(9) fumC(65) gyrB(5) icd(1) mdh(9) purA(13) recA(6) | Z47: IncFIB(AP001918)_1, IncFIC(FII)_1, IncI2_1_Delta, p0111_1
A48: SAMN48947207 | B48: GCA_050938975.1 | C48: B (GenBank assembly) | E48: =IF(D48="","",D48/5100000) | F48: 109 | G48: 5101875 | H48: 161590 | I48: 50.51 | J48: Pass | K48: mcr-1.1 | L48: mcr-1.1 | M48: ALLELEX | N48: 100.00 | O48: 100.00 | P48: JBPBSN010000027.1 | Q48: mcr-1.1 | R48: mcr-1.1_1 | S48: IncI2_1_Delta | X48: 162 | Y48: adk(9) fumC(65) gyrB(5) icd(1) mdh(9) purA(13) recA(6) | Z48: IncFIB(AP001918)_1, IncFIC(FII)_1, IncI2_1_Delta
A49: SAMN48947193 | B49: GCA_050938935.1 | C49: B (GenBank assembly) | E49: =IF(D49="","",D49/5100000) | F49: 132 | G49: 5067600 | H49: 142920 | I49: 50.53 | J49: Pass | K49: mcr-1.1 | L49: mcr-1.1 | M49: ALLELEX | N49: 100.00 | O49: 100.00 | P49: JBPBTB010000029.1 | Q49: mcr-1.1 | R49: mcr-1.1_1 | S49: IncI2_1_Delta | X49: 23 | Y49: adk(6) fumC(4) gyrB(12) icd(1) mdh(20) purA(13) recA(7) | Z49: IncFIA_1, IncFIB(AP001918)_1, IncFIC(FII)_1, IncI1_1_Alpha, IncI2_1_Delta
A50: SAMN48947196 | B50: GCA_050938885.1 | C50: B (GenBank assembly) | E50: =IF(D50="","",D50/5100000) | F50: 93 | G50: 5101332 | H50: 179813 | I50: 50.46 | J50: Pass | K50: mcr-1.1 | L50: mcr-1.1 | M50: ALLELEX | N50: 100.00 | O50: 100.00 | P50: JBPBSY010000037.1 | Q50: mcr-1.1 | R50: mcr-1.1_1 | S50: none | T50: plasmid | U50: IncI2 | V50: MOBP | W50: 63369 | X50: 162 | Y50: adk(9) fumC(65) gyrB(5) icd(1) mdh(9) purA(13) recA(6) | Z50: IncFIB(AP001918)_1, IncFIC(FII)_1, IncI2_1_Delta, p0111_1
A51: SAMN48947199 | B51: GCA_050938875.1 | C51: B (GenBank assembly) | E51: =IF(D51="","",D51/5100000) | F51: 153 | G51: 5091395 | H51: 104390 | I51: 50.41 | J51: Pass | K51: mcr-1.1 | L51: mcr-1.1 | M51: ALLELEX | N51: 100.00 | O51: 100.00 | P51: JBPBSV010000030.1 | Q51: mcr-1.1 | R51: mcr-1.1_1 | S51: IncI2_1 | X51: 297 | Y51: adk(6) fumC(65) gyrB(32) icd(26) mdh(9) purA(8) recA(2) | Z51: IncI2_1, p0111_1
A52: SAMN48947201 | B52: GCA_050938855.1 | C52: B (GenBank assembly) | E52: =IF(D52="","",D52/5100000) | F52: 147 | G52: 5170729 | H52: 159448 | I52: 50.7 | J52: Pass | K52: mcr-1.1 | L52: mcr-1.1 | M52: ALLELEX | N52: 100.00 | O52: 100.00 | P52: JBPBST010000026.1 | Q52: mcr-1.1 | R52: mcr-1.1_1 | S52: IncI2_1_Delta | X52: 7518 | Y52: adk(6) fumC(6) gyrB(644) icd(26) mdh(11) purA(8) recA(2) | Z52: IncFIB(AP001918)_1, IncI2_1_Delta, IncQ1_1, IncR_1
A53: SAMN48947202 | B53: GCA_050938835.1 | C53: B (GenBank assembly) | E53: =IF(D53="","",D53/5100000) | F53: 151 | G53: 4941515 | H53: 90922 | I53: 50.51 | J53: Pass | K53: mcr-1.1 | L53: mcr-1.1 | M53: ALLELEX | N53: 100.00 | O53: 100.00 | P53: JBPBSS010000027.1 | Q53: mcr-1.1 | R53: mcr-1.1_1 | S53: IncI2_1_Delta | X53: - | Y53: adk(10) fumC(11) gyrB(1243?) icd(724) mdh(8) purA(8) recA(2) | Z53: ColpEC648, IncI1_1_Alpha, IncI2_1_Delta
A54: SAMN48947195 | B54: GCA_050938815.1 | C54: B (GenBank assembly) | E54: =IF(D54="","",D54/5100000) | F54: 113 | G54: 4924529 | H54: 114095 | I54: 50.51 | J54: Pass | K54: mcr-1.1 | L54: mcr-1.1 | M54: ALLELEX | N54: 100.00 | O54: 100.00 | P54: JBPBSZ010000029.1 | Q54: mcr-1.1 | R54: mcr-1.1_1 | S54: IncI2_1_Delta | X54: 453 | Y54: adk(99) fumC(6) gyrB(33) icd(33) mdh(24) purA(8) recA(7) | Z54: IncI1_1_Alpha, IncI2_1_Delta
A55: SAMN48947205 | B55: GCA_050938795.1 | C55: B (GenBank assembly) | E55: =IF(D55="","",D55/5100000) | F55: 137 | G55: 5051238 | H55: 113995 | I55: 50.51 | J55: Pass | K55: mcr-1.1 | L55: mcr-1.1 | M55: ALLELEX | N55: 100.00 | O55: 100.00 | P55: JBPBSP010000030.1 | Q55: mcr-1.1 | R55: mcr-1.1_1 | S55: IncI2_1 | X55: 3941 | Y55: adk(6) fumC(511) gyrB(4) icd(10) mdh(7) purA(8) recA(6) | Z55: IncFIA_1, IncFIB(AP001918)_1, IncI1_1_Alpha, IncI2_1
A56: SAMN48947204 | B56: GCA_050938775.1 | C56: B (GenBank assembly) | E56: =IF(D56="","",D56/5100000) | F56: 117 | G56: 5194364 | H56: 142190 | I56: 50.4 | J56: Pass | K56: mcr-1.1 | L56: mcr-1.1 | M56: ALLELEX | N56: 100.00 | O56: 100.00 | P56: JBPBSQ010000054.1 | Q56: mcr-1.1 | R56: mcr-1.1_1 | S56: none | T56: plasmid | U56: IncI2 | V56: MOBP | W56: 58934 | X56: 155 | Y56: adk(6) fumC(4) gyrB(14) icd(16) mdh(24) purA(8) recA(14) | Z56: ColpVC_1, IncFIB(AP001918)_1, IncI1_1_Alpha, IncI2_1
A57: SAMN48947200 | B57: GCA_050938755.1 | C57: B (GenBank assembly) | E57: =IF(D57="","",D57/5100000) | F57: 154 | G57: 5122722 | H57: 102396 | I57: 50.25 | J57: Pass | K57: mcr-1.1 | L57: mcr-1.1 | M57: ALLELEX | N57: 100.00 | O57: 100.00 | P57: JBPBSU010000026.1 | Q57: mcr-1.1 | R57: mcr-1.1_1 | S57: IncI2_1 | X57: 93 | Y57: adk(6) fumC(11) gyrB(4) icd(10) mdh(7) purA(8) recA(6) | Z57: IncFIA_1, IncFIB(AP001918)_1, IncFIC(FII)_1, IncHI2A_1, IncHI2_1, IncI2_1, IncQ1_1
A58: SAMN48947206 | B58: GCA_050938735.1 | C58: B (GenBank assembly) | E58: =IF(D58="","",D58/5100000) | F58: 126 | G58: 4993587 | H58: 115469 | I58: 50.41 | J58: Pass | K58: mcr-1.5 | L58: mcr-1.5 | M58: ALLELEX | N58: 100.00 | O58: 100.00 | P58: JBPBSO010000088.1 | Q58: mcr-1.5 | R58: mcr-1.5_1 | S58: none | T58: plasmid | U58: IncI2 | V58: MOBP | W58: 67497 | X58: 744 | Y58: adk(10) fumC(11) gyrB(135) icd(8) mdh(8) purA(8) recA(2) | Z58: IncFIA_1, IncFIB(AP001918)_1, IncFIC(FII)_1, IncI2_1_Delta
A59: SAMN48947212 | B59: GCA_050938595.1 | C59: B (GenBank assembly) | E59: =IF(D59="","",D59/5100000) | F59: 66 | G59: 4928797 | H59: 206825 | I59: 50.68 | J59: Pass | K59: mcr-1.1 | L59: mcr-1.1 | M59: ALLELEX | N59: 100.00 | O59: 100.00 | P59: JBPBSI010000035.1 | Q59: mcr-1.1 | R59: mcr-1.1_1 | S59: none | T59: plasmid | U59: IncI2 | V59: MOBP | W59: 62636 | X59: 224 | Y59: adk(6) fumC(4) gyrB(33) icd(16) mdh(11) purA(8) recA(6) | Z59: IncI2_1_Delta, IncX4_1
A60: SAMN48947214 | B60: GCA_050938575.1 | C60: B (GenBank assembly) | E60: =IF(D60="","",D60/5100000) | F60: 118 | G60: 4997979 | H60: 136919 | I60: 50.7 | J60: Pass | K60: mcr-1.1 | L60: mcr-1.1 | M60: ALLELEX | N60: 100.00 | O60: 100.00 | P60: JBPBSG010000047.1 | Q60: mcr-1.1 | R60: mcr-1.1_1 | S60: none | T60: plasmid | U60: IncI2 | V60: MOBP,MOBP | W60: 67276 | X60: 226 | Y60: adk(10) fumC(27) gyrB(5) icd(8) mdh(8) purA(7) recA(2) | Z60: IncFIB(K)_1_Kpn3, IncI2_1_Delta
A61: SAMN48947183 | B61: GCA_050938555.1 | C61: B (GenBank assembly) | E61: =IF(D61="","",D61/5100000) | F61: 128 | G61: 4944864 | H61: 137432 | I61: 50.5 | J61: Pass | K61: mcr-1.1 | L61: mcr-1.1 | M61: ALLELEX | N61: 100.00 | O61: 100.00 | P61: JBPBTL010000057.1 | Q61: mcr-1.1 | R61: mcr-1.1_1 | S61: none | T61: plasmid | U61: IncI2 | V61: MOBP | W61: 62398 | X61: 6756 | Y61: adk(136) fumC(7) gyrB(4) icd(8) mdh(561) purA(8) recA(2) | Z61: IncFIB(AP001918)_1, IncI2_1_Delta
A62: SAMN48947189 | B62: GCA_050938535.1 | C62: B (GenBank assembly) | E62: =IF(D62="","",D62/5100000) | F62: 203 | G62: 5214674 | H62: 168626 | I62: 50.62 | J62: Pass | K62: mcr-1.1 | L62: mcr-1.1 | M62: ALLELEX | N62: 100.00 | O62: 100.00 | P62: JBPBTF010000027.1 | Q62: mcr-1.1 | R62: mcr-1.1_1 | S62: IncI2_1_Delta | X62: 117 | Y62: adk(20) fumC(45) gyrB(41) icd(43) mdh(5) purA(32) recA(2) | Z62: IncFIB(AP001918)_1, IncFIC(FII)_1, IncI2_1_Delta
A63: SAMN48947187 | B63: GCA_050938515.1 | C63: B (GenBank assembly) | E63: =IF(D63="","",D63/5100000) | F63: 265 | G63: 5379209 | H63: 97351 | I63: 50.35 | J63: Pass | K63: mcr-1.1 | L63: mcr-1.1 | M63: ALLELEX | N63: 100.00 | O63: 100.00 | P63: JBPBTH010000029.1 | Q63: mcr-1.1 | R63: mcr-1.1_1 | S63: IncI2_1_Delta | X63: 189 | Y63: adk(10) fumC(27) gyrB(5) icd(10) mdh(12) purA(8) recA(49) | Z63: IncI1_1_Alpha, IncI2_1_Delta, IncX1_1, p0111_1
A64: SAMN48947190 | B64: GCA_050938495.1 | C64: B (GenBank assembly) | E64: =IF(D64="","",D64/5100000) | F64: 164 | G64: 5776593 | H64: 182760 | I64: 50.35 | J64: Pass | K64: mcr-1.1 | L64: mcr-1.1 | M64: ALLELEX | N64: 100.00 | O64: 100.00 | P64: JBPBTE010000027.1 | Q64: mcr-1.1 | R64: mcr-1.1_1 | S64: IncI2_1_Delta | X64: 770 | Y64: adk(52) fumC(116) gyrB(55) icd(101) mdh(113) purA(40) recA(38) | Z64: Col156_1, ColpVC_1, IncFIB(AP001918)_1, IncI2_1_Delta, p0111_1
A65: SAMN48947192 | B65: GCA_050938475.1 | C65: B (GenBank assembly) | E65: =IF(D65="","",D65/5100000) | F65: 90 | G65: 4848926 | H65: 211038 | I65: 50.55 | J65: Pass | K65: mcr-1.1 | L65: mcr-1.1 | M65: ALLELEX | N65: 100.00 | O65: 100.00 | P65: JBPBTC010000022.1 | Q65: mcr-1.1 | R65: mcr-1.1_1 | S65: IncI2_1 | X65: 3941 | Y65: adk(6) fumC(511) gyrB(4) icd(10) mdh(7) purA(8) recA(6) | Z65: IncFIA_1, IncFIB(AP001918)_1, IncI2_1
A66: SAMN48947197 | B66: GCA_050938435.1 | C66: B (GenBank assembly) | E66: =IF(D66="","",D66/5100000) | F66: 230 | G66: 5369373 | H66: 98354 | I66: 50.35 | J66: Pass | K66: mcr-1.1 | L66: mcr-1.1 | M66: ALLELEX | N66: 100.00 | O66: 100.00 | P66: JBPBSX010000028.1 | Q66: mcr-1.1 | R66: mcr-1.1_1 | S66: IncI2_1_Delta | X66: 189 | Y66: adk(10) fumC(27) gyrB(5) icd(10) mdh(12) purA(8) recA(49) | Z66: IncI1_1_Alpha, IncI2_1_Delta, IncX1_1, p0111_1
A67: SAMN48947194 | B67: GCA_050938415.1 | C67: B (GenBank assembly) | E67: =IF(D67="","",D67/5100000) | F67: 156 | G67: 5328702 | H67: 160122 | I67: 50.16 | J67: Pass | K67: mcr-1.1 | L67: mcr-1.1 | M67: ALLELEX | N67: 100.00 | O67: 100.00 | P67: JBPBTA010000026.1 | Q67: mcr-1.1 | R67: mcr-1.1_1 | S67: IncI2_1_Delta | X67: 354 | Y67: adk(85) fumC(88) gyrB(78) icd(29) mdh(59) purA(58) recA(62) | Z67: IncHI2A_1, IncHI2_1, IncI2_1_Delta
A68: SAMN48947198 | B68: GCA_050938395.1 | C68: B (GenBank assembly) | E68: =IF(D68="","",D68/5100000) | F68: 107 | G68: 5106503 | H68: 184592 | I68: 50.47 | J68: Pass | K68: mcr-1.1 | L68: mcr-1.1 | M68: ALLELEX | N68: 100.00 | O68: 100.00 | P68: JBPBSW010000027.1 | Q68: mcr-1.1 | R68: mcr-1.1_1 | S68: IncI2_1_Delta | X68: 162 | Y68: adk(9) fumC(65) gyrB(5) icd(1) mdh(9) purA(13) recA(6) | Z68: IncFIB(AP001918)_1, IncFIC(FII)_1, IncI2_1_Delta, p0111_1
A69: SAMN48122305 | B69: GCA_050106675.1 | C69: B (GenBank assembly) | E69: =IF(D69="","",D69/5100000) | F69: 231 | G69: 4901238 | H69: 48593 | I69: 50.75 | J69: Pass | K69: mcr-9.1 | L69: mcr-9.1 | M69: ALLELEX | N69: 100.00 | O69: 100.00 | P69: JBNIJP010000124.1 | Q69: none | R69: mcr-9.1_1 | S69: none | T69: chromosome | U69: - | V69: - | X69: 1494 | Y69: adk(1) fumC(4) gyrB(44) icd(9) mdh(11) purA(35) recA(7) | Z69: IncFIB(AP001918)_1, IncHI2A_1, IncHI2_1, IncX1_1
A70: SAMEA114285223 | B70: ERR13952704 | C70: A (reads, Shovill) | D70: 488974944 | E70: =IF(D70="","",D70/5100000) | F70: 303 | G70: 5741375 | H70: 148283 | I70: 50.35 | J70: Pass | K70: mcr-9.1 | L70: mcr-9.1 | M70: ALLELEX | N70: 100.00 | O70: 100.00 | P70: contig00028 | Q70: none | R70: mcr-9.1_1 | S70: none | T70: plasmid | U70: IncHI2A,rep_cluster_1088 | V70: MOBH | W70: 235279 | X70: 38 | Y70: adk(4) fumC(26) gyrB(2) icd(25) mdh(5) purA(5) recA(19) | Z70: IncFIB(pB171)_1_pB171, IncFII(pRSB107)_1_pRSB107, IncHI2A_1, IncY_1
A71: SAMEA114284974 | B71: ERR13952550 | C71: A (reads, Shovill) | D71: 394713510 | E71: =IF(D71="","",D71/5100000) | F71: 256 | G71: 5670848 | H71: 115467 | I71: 50.47 | J71: Pass | K71: mcr-9.1 | L71: mcr-9.1 | M71: ALLELEX | N71: 100.00 | O71: 100.00 | P71: contig00090 | Q71: none | R71: mcr-9.1_1 | S71: none | T71: plasmid | U71: rep_cluster_1088,IncHI2A | V71: MOBH | W71: 292478 | X71: 69 | Y71: adk(21) fumC(35) gyrB(27) icd(6) mdh(5) purA(5) recA(4) | Z71: Col156_1, IncFIB(AP001918)_1, IncFII(29)_1_pUTI89, IncHI2A_1, IncHI2_1, IncQ1_1, p0111_1
A72: SAMN44530435 | B72: GCA_045037815.1 | C72: B (GenBank assembly) | E72: =IF(D72="","",D72/5100000) | F72: 9 | G72: 5981070 | H72: 5138408 | I72: 50.09 | J72: Pass | K72: mcr-1; mcr-1.1 | L72: mcr-1 | M72: PARTIAL_CONTIG_ENDX | N72: 71.53 | O72: 100.00 | P72: CP173551.1 | Q72: none | R72: none | S72: IncX4_1 | X72: 624 | Y72: adk(92) fumC(4) gyrB(87) icd(96) mdh(70) purA(58) recA(91) | Z72: IncFIB(AP001918)_1, IncFIB(Mar)_1_pNDM-Mar, IncFII_1, IncHI1B_1_pNDM-MAR, IncHI2A_1, IncHI2_1, IncI1_1_Alpha, IncX4_1
A73: SAMN40756789 | B73: SRR33015174 | C73: A (reads, Shovill) | D73: 678585485 | E73: =IF(D73="","",D73/5100000) | F73: 168 | G73: 5062544 | H73: 141400 | I73: 50.7 | J73: Pass | K73: mcr-1 | L73: mcr-1 | M73: PARTIAL_CONTIG_ENDX | N73: 52.78 | O73: 100.00 | P73: contig00095 | Q73: none | R73: none | S73: none | T73: chromosome | U73: - | V73: - | X73: 167 | Y73: adk(10) fumC(11) gyrB(4) icd(8) mdh(8) purA(13) recA(2) | Z73: Col(BS512)_1, IncFIA_1
A74: SAMEA115084356 | B74: ERR12409409 | C74: A (reads, Shovill) | D74: 483428592 | E74: =IF(D74="","",D74/5100000) | F74: 203 | G74: 4803046 | H74: 83711 | I74: 50.76 | J74: Pass | K74: mcr-10.1 | L74: mcr-10.1 | M74: ALLELEX | N74: 100.00 | O74: 100.00 | P74: contig00104 | Q74: mcr-10.1 | R74: mcr-10_1 | S74: none | T74: plasmid | U74: rep_cluster_1418 | V74: - | W74: 27618 | X74: 206 | Y74: adk(6) fumC(7) gyrB(5) icd(1) mdh(8) purA(18) recA(2) | Z74: IncFIA(HI1)_1_HI1, IncFIB(K)_1_Kpn3, repB(R1701)_1
A75: SAMN38019464 | B75: GCA_033342895.1 | C75: B (GenBank assembly) | E75: =IF(D75="","",D75/5100000) | F75: 2 | G75: 5618654 | H75: 5325486 | I75: 50.28 | J75: Pass | K75: mcr-1.1 | L75: mcr-1.1 | M75: ALLELEX | N75: 100.00 | O75: 100.00 | P75: JAWPEQ010000002.1 | Q75: mcr-1.1 | R75: mcr-1.1_1 | S75: IncHI2_1 / IncQ1_1 / IncHI2A_1 | X75: 1266 | Y75: adk(168) fumC(184) gyrB(53) icd(140) mdh(24) purA(85) recA(42) | Z75: IncHI2A_1, IncHI2_1, IncQ1_1
A76: SAMN35358213 | B76: SRR24834186 | C76: A (reads, Shovill) | D76: 2311793095 | E76: =IF(D76="","",D76/5100000) | F76: 215 | G76: 5672656 | H76: 125097 | I76: 50.18 | J76: Pass | K76: mcr-1 | L76: mcr-1 | M76: PARTIALX | N76: 61.48 | O76: 100.00 | P76: contig00072 | Q76: none | R76: none | S76: none | T76: plasmid | U76: rep_cluster_1088,IncHI2A,IncI-gamma/K1,IncFIA,IncFIC | V76: MOBP,MOBF,MOBH | W76: 393699 | X76: 38 | Y76: adk(4) fumC(26) gyrB(2) icd(25) mdh(5) purA(5) recA(19) | Z76: IncFII(29)_1_pUTI89, IncHI2A_1, IncHI2_1, IncI1_1_Alpha, IncX1_1
A77: SAMN33246729 | B77: GCA_028882105.2 | C77: B (GenBank assembly) | E77: =IF(D77="","",D77/5100000) | F77: 5 | G77: 5618493 | H77: 5252634 | I77: 50.28 | J77: Pass | K77: mcr-1.1 | L77: mcr-1.1 | M77: ALLELEX | N77: 100.00 | O77: 100.00 | P77: JARBTG020000002.1 | Q77: mcr-1.1 | R77: mcr-1.1_1 | S77: IncHI2_1 / IncQ1_1 / IncHI2A_1 | X77: 1266 | Y77: adk(168) fumC(184) gyrB(53) icd(140) mdh(24) purA(85) recA(42) | Z77: IncHI2A_1, IncHI2_1, IncQ1_1
A78: SAMN34441004 | B78: GCA_029953225.1 | C78: B (GenBank assembly) | E78: =IF(D78="","",D78/5100000) | F78: 7 | G78: 4917635 | H78: 4753159 | I78: 50.45 | J78: Pass | K78: mcr-1.1 | L78: mcr-1.1 | M78: ALLELEX | N78: 100.00 | O78: 100.00 | P78: JASATV010000003.1 | Q78: mcr-1.1 | R78: mcr-1.1_1 | S78: IncX4_1 | X78: 484 | Y78: adk(6) fumC(11) gyrB(4) icd(10) mdh(7) purA(84) recA(6) | Z78: IncFIC(FII)_1, IncX4_1
A79: SAMN13191328 | B79: SRR10392137 | C79: A (reads, Shovill) | D79: 313635025 | E79: =IF(D79="","",D79/5100000) | F79: 231 | G79: 5085732 | H79: 88398 | I79: 50.46 | J79: Pass | K79: mcr-1.1 | L79: mcr-1.1 | M79: ALLELEX | N79: 100.00 | O79: 100.00 | P79: contig00060 | Q79: mcr-1.1 | R79: mcr-1.1_1 | S79: none | T79: plasmid | U79: IncI2 | V79: MOBP | W79: 70667 | X79: 101 | Y79: adk(43) fumC(41) gyrB(15) icd(18) mdh(11) purA(7) recA(6) | Z79: IncFIA_1, IncFIB(AP001918)_1, IncFIC(FII)_1, IncI2_1
A80: SAMD00328572 | B80: DRR300284 | C80: A (reads, Shovill) | D80: 516333402 | E80: =IF(D80="","",D80/5100000) | F80: 240 | G80: 5144573 | H80: 106448 | I80: 50.51 | J80: Pass | K80: mcr-1.1 | L80: mcr-1.1 | M80: ALLELEX | N80: 100.00 | O80: 100.00 | P80: contig00042 | Q80: mcr-1.1 | R80: mcr-1.1_1 | S80: IncX4_1 | X80: 744 | Y80: adk(10) fumC(11) gyrB(135) icd(8) mdh(8) purA(8) recA(2) | Z80: IncFIA_1, IncFIB(AP001918)_1, IncFIC(FII)_1, IncI1_1_Alpha, IncQ1_1, IncX4_1, IncY_1
A81: SAMD00328569 | B81: DRR300282 | C81: A (reads, Shovill) | D81: 532807021 | E81: =IF(D81="","",D81/5100000) | F81: 216 | G81: 5302190 | H81: 213376 | I81: 50.51 | J81: Pass | K81: mcr-1.1 | L81: mcr-1.1 | M81: ALLELEX | N81: 100.00 | O81: 100.00 | P81: contig00066 | Q81: mcr-1.1 | R81: mcr-1.1_1 | S81: none | T81: plasmid | U81: - | V81: - | W81: 54854 | X81: 1011 | Y81: adk(6) fumC(4) gyrB(159) icd(44) mdh(112) purA(1) recA(17) | Z81: IncFIB(AP001918)_1, IncI1_1_Alpha, p0111_1
A82: SAMEA112238986 | B82: ERR10670898 | C82: A (reads, Shovill) | D82: 253170078 | E82: =IF(D82="","",D82/5100000) | F82: 229 | G82: 4796762 | H82: 81994 | I82: 50.55 | J82: Pass | K82: mcr-1.1 | L82: mcr-1.1 | M82: ALLELEX | N82: 100.00 | O82: 100.00 | P82: contig00051 | Q82: mcr-1.1 | R82: mcr-1.1_1 | S82: IncX4_1 | X82: 484 | Y82: adk(6) fumC(11) gyrB(4) icd(10) mdh(7) purA(84) recA(6) | Z82: IncFIC(FII)_1, IncX4_1
A83: SAMEA112238980 | B83: ERR10670886 | C83: A (reads, Shovill) | D83: 165868019 | E83: =IF(D83="","",D83/5100000) | F83: 311 | G83: 5509888 | H83: 62168 | I83: 50.27 | J83: Pass | K83: mcr-1.1 | L83: mcr-1.1 | M83: ALLELEX | N83: 100.00 | O83: 100.00 | P83: contig00046 | Q83: mcr-1.1 | R83: mcr-1.1_1 | S83: none | T83: plasmid | U83: IncHI2A,rep_cluster_1088,IncQ1 | V83: MOBH | W83: 309960 | X83: - | Y83: adk(168) fumC(~184) gyrB(53) icd(140) mdh(24) purA(85) recA(42) | Z83: IncHI2A_1, IncHI2_1, IncQ1_1
A84: SAMN16293355 | B84: GCA_020281985.1 | C84: B (GenBank assembly) | E84: =IF(D84="","",D84/5100000) | F84: 244 | G84: 5732357 | H84: 168960 | I84: 50.53 | J84: Pass | K84: mcr-1.1 | L84: mcr-1.1 | M84: ALLELEX | N84: 100.00 | O84: 100.00 | P84: JACZEQ010000043.1 | Q84: mcr-1.1 | R84: mcr-1.1_1 | S84: none | T84: plasmid | U84: IncHI2A,rep_cluster_1088,IncI2,IncQ1 | V84: MOBP,MOBH | W84: 331019 | X84: 224 | Y84: adk(6) fumC(4) gyrB(33) icd(16) mdh(11) purA(8) recA(6) | Z84: IncB/O/K/Z_2, IncFIA_1, IncFIB(AP001918)_1, IncFIC(FII)_1, IncFII(29)_1_pUTI89, IncHI2A_1, IncHI2_1, IncI2_1, IncQ1_1
A85: SAMEA8550478 | B85: ERR5696778 | C85: A (reads, Shovill) | D85: 641449928 | E85: =IF(D85="","",D85/5100000) | F85: 169 | G85: 5134869 | H85: 151352 | I85: 50.6 | J85: Pass | K85: mcr-9.1 | L85: mcr-9.1 | M85: ALLELEX | N85: 100.00 | O85: 100.00 | P85: contig00073 | Q85: none | R85: mcr-9.1_1 | S85: none | T85: plasmid | U85: rep_cluster_1088,IncHI2A | V85: MOBH | W85: 295128 | X85: 181 | Y85: adk(8) fumC(11) gyrB(4) icd(8) mdh(7) purA(8) recA(6) | Z85: Col(MG828)_1, IncHI2A_1, IncHI2_1, IncY_1
A86: SAMEA8550450 | B86: ERR5696750 | C86: A (reads, Shovill) | D86: 407621316 | E86: =IF(D86="","",D86/5100000) | F86: 306 | G86: 5340461 | H86: 101766 | I86: 50.69 | J86: Pass | K86: mcr-9.1 | L86: mcr-9.1 | M86: ALLELEX | N86: 100.00 | O86: 100.00 | P86: contig00112 | Q86: none | R86: mcr-9.1_1 | S86: none | T86: plasmid | U86: rep_cluster_1088,IncHI2A | V86: MOBH | W86: 263853 | X86: 540 | Y86: adk(6) fumC(7) gyrB(57) icd(1) mdh(8) purA(8) recA(2) | Z86: Col(pHAD28)_1, IncFIB(K)_1_Kpn3, IncHI2A_1, IncHI2_1, p0111_1
A87: SAMN17183229 | B87: SRR13376017 | C87: A (reads, Shovill) | D87: 990675194 | E87: =IF(D87="","",D87/5100000) | F87: 247 | G87: 5549111 | H87: 129203 | I87: 50.53 | J87: Pass | K87: mcr-1.1 | L87: mcr-1.1 | M87: ALLELEX | N87: 100.00 | O87: 100.00 | P87: contig00020 | Q87: mcr-1.1 | R87: mcr-1.1_1 | S87: none | T87: plasmid | U87: rep_cluster_1088,IncHI2A,IncQ1 | V87: MOBH | W87: 269522 | X87: 117 | Y87: adk(20) fumC(45) gyrB(41) icd(43) mdh(5) purA(32) recA(2) | Z87: IncB/O/K/Z_2, IncFIB(AP001918)_1, IncFIC(FII)_1, IncHI2A_1, IncHI2_1, IncQ1_1, IncX1_1
A88: SAMEA7177508 | B88: ERR4452414 | C88: A (reads, Shovill) | D88: 405012288 | E88: =IF(D88="","",D88/5100000) | F88: 227 | G88: 5060607 | H88: 102981 | I88: 50.4 | J88: Pass | K88: mcr-9.1 | L88: mcr-9.1 | M88: ALLELEX | N88: 100.00 | O88: 100.00 | P88: contig00098 | Q88: none | R88: mcr-9.1_1 | S88: none | T88: plasmid | U88: rep_cluster_1088,IncHI2A | V88: MOBH | W88: 308732 | X88: 410 | Y88: adk(6) fumC(4) gyrB(12) icd(1) mdh(20) purA(18) recA(7) | Z88: IncFIA_1, IncFIB(AP001918)_1, IncFII(pAMA1167-NDM-5)_1_pAMA1167-NDM-5, IncHI2A_1, IncHI2_1, IncQ1_1
A89: SAMN16064910 | B89: GCA_014900955.1 | C89: B (GenBank assembly) | E89: =IF(D89="","",D89/5100000) | F89: 264 | G89: 5390284 | H89: 97986 | I89: 50.26 | J89: Pass | K89: mcr-1.1 | L89: mcr-1.1 | M89: ALLELEX | N89: 100.00 | O89: 100.00 | P89: JACVVT010000035.1 | Q89: mcr-1.1 | R89: mcr-1.1_1 | S89: none | T89: plasmid | U89: rep_cluster_1088,IncHI2A | V89: - | W89: 134452 | X89: 10 | Y89: adk(10) fumC(11) gyrB(4) icd(8) mdh(8) purA(8) recA(2) | Z89: Col(MG828)_1, IncFIB(AP001918)_1, IncHI2A_1, IncHI2_1, IncI1_1_Alpha, IncN_1, IncX1_1, p0111_1
A90: SAMN16064908 | B90: GCA_014900945.1 | C90: B (GenBank assembly) | E90: =IF(D90="","",D90/5100000) | F90: 132 | G90: 5160850 | H90: 158024 | I90: 50.42 | J90: Pass | K90: mcr-1.1 | L90: mcr-1.1 | M90: ALLELEX | N90: 100.00 | O90: 100.00 | P90: JACVVV010000005.1 | Q90: mcr-1.1 | R90: mcr-1.1_1 | S90: IncHI2_1 / IncHI2A_1 | X90: 155 | Y90: adk(6) fumC(4) gyrB(14) icd(16) mdh(24) purA(8) recA(14) | Z90: IncFIA_1, IncFIB(AP001918)_1, IncFIC(FII)_1, IncFII(pCoo)_1_pCoo, IncHI2A_1, IncHI2_1
A91: SAMN16064909 | B91: GCA_014900915.1 | C91: B (GenBank assembly) | E91: =IF(D91="","",D91/5100000) | F91: 122 | G91: 5151053 | H91: 166562 | I91: 50.42 | J91: Pass | K91: mcr-1.1 | L91: mcr-1.1 | M91: ALLELEX | N91: 100.00 | O91: 100.00 | P91: JACVVU010000005.1 | Q91: mcr-1.1 | R91: mcr-1.1_1 | S91: IncHI2_1 / IncHI2A_1 | X91: 155 | Y91: adk(6) fumC(4) gyrB(14) icd(16) mdh(24) purA(8) recA(14) | Z91: IncFIA_1, IncFIB(AP001918)_1, IncFIC(FII)_1, IncFII(pCoo)_1_pCoo, IncHI2A_1, IncHI2_1
A92: SAMN16064911 | B92: GCA_014900925.1 | C92: B (GenBank assembly) | E92: =IF(D92="","",D92/5100000) | F92: 261 | G92: 5385822 | H92: 93213 | I92: 50.26 | J92: Pass | K92: mcr-1.1 | L92: mcr-1.1 | M92: ALLELEX | N92: 100.00 | O92: 100.00 | P92: JACVVS010000041.1 | Q92: mcr-1.1 | R92: mcr-1.1_1 | S92: none | T92: plasmid | U92: rep_cluster_1088,IncHI2A | V92: MOBH | W92: 255543 | X92: 10 | Y92: adk(10) fumC(11) gyrB(4) icd(8) mdh(8) purA(8) recA(2) | Z92: Col(MG828)_1, IncFIB(AP001918)_1, IncHI2A_1, IncHI2_1, IncI1_1_Alpha, IncN_1, IncX1_1, p0111_1
A93: SAMN16064912 | B93: GCA_014900935.1 | C93: B (GenBank assembly) | E93: =IF(D93="","",D93/5100000) | F93: 255 | G93: 5388714 | H93: 97574 | I93: 50.26 | J93: Pass | K93: mcr-1.1 | L93: mcr-1.1 | M93: ALLELEX | N93: 100.00 | O93: 100.00 | P93: JACVVR010000028.1 | Q93: mcr-1.1 | R93: mcr-1.1_1 | S93: none | T93: plasmid | U93: rep_cluster_1088,IncHI2A | V93: - | W93: 156587 | X93: 10 | Y93: adk(10) fumC(11) gyrB(4) icd(8) mdh(8) purA(8) recA(2) | Z93: Col(MG828)_1, IncFIB(AP001918)_1, IncHI2A_1, IncHI2_1, IncI1_1_Alpha, IncN_1, IncX1_1, p0111_1
A94: SAMN14929804 | B94: GCA_013618615.1 | C94: B (GenBank assembly) | E94: =IF(D94="","",D94/5100000) | F94: 355 | G94: 4892138 | H94: 118869 | I94: 50.6 | J94: Pass | K94: mcr-1.1 | L94: mcr-1.1 | M94: ALLELEX | N94: 100.00 | O94: 100.00 | P94: JABSNZ010000042.1 | Q94: mcr-1.1 | R94: mcr-1.1_1 | S94: IncX4_1 | X94: 744 | Y94: adk(10) fumC(11) gyrB(135) icd(8) mdh(8) purA(8) recA(2) | Z94: IncFIB(AP001918)_1, IncX1_1, IncX4_1, p0111_1
A95: SAMN14929806 | B95: GCA_013618585.1 | C95: B (GenBank assembly) | E95: =IF(D95="","",D95/5100000) | F95: 138 | G95: 5013412 | H95: 162095 | I95: 50.56 | J95: Pass | K95: mcr-1.1 | L95: mcr-1.1 | M95: ALLELEX | N95: 100.00 | O95: 100.00 | P95: JABSOB010000054.1 | Q95: mcr-1.1 | R95: mcr-1.1_1 | S95: IncX4_1 | X95: 191 | Y95: adk(6) fumC(29) gyrB(5) icd(18) mdh(11) purA(8) recA(41) | Z95: IncFIB(AP001918)_1, IncX4_1, p0111_1
A96: SAMN14898735 | B96: GCA_013187515.1 | C96: B (GenBank assembly) | E96: =IF(D96="","",D96/5100000) | F96: 139 | G96: 5012499 | H96: 156050 | I96: 50.57 | J96: Pass | K96: mcr-1.1 | L96: mcr-1.1 | M96: ALLELEX | N96: 100.00 | O96: 100.00 | P96: JABMLX010000038.1 | Q96: mcr-1.1 | R96: mcr-1.1_1 | S96: IncX4_1 | X96: 191 | Y96: adk(6) fumC(29) gyrB(5) icd(18) mdh(11) purA(8) recA(41) | Z96: IncFIB(AP001918)_1, IncX4_1, p0111_1
A97: SAMN14898732 | B97: GCA_013187505.1 | C97: B (GenBank assembly) | E97: =IF(D97="","",D97/5100000) | F97: 89 | G97: 4995238 | H97: 246353 | I97: 50.59 | J97: Pass | K97: mcr-1.1 | L97: mcr-1.1 | M97: ALLELEX | N97: 100.00 | O97: 100.00 | P97: JABMMA010000028.1 | Q97: mcr-1.1 | R97: mcr-1.1_1 | S97: IncX4_1 | X97: 2485 | Y97: adk(6) fumC(4) gyrB(159) icd(140) mdh(112) purA(1) recA(17) | Z97: IncFIA_1, IncFIB(AP001918)_1, IncFIC(FII)_1, IncX1_1, IncX4_1
A98: SAMN14898734 | B98: GCA_013187405.1 | C98: B (GenBank assembly) | E98: =IF(D98="","",D98/5100000) | F98: 87 | G98: 4995829 | H98: 244193 | I98: 50.59 | J98: Pass | K98: mcr-1.1 | L98: mcr-1.1 | M98: ALLELEX | N98: 100.00 | O98: 100.00 | P98: JABMLY010000026.1 | Q98: mcr-1.1 | R98: mcr-1.1_1 | S98: IncX4_1 | X98: 2485 | Y98: adk(6) fumC(4) gyrB(159) icd(140) mdh(112) purA(1) recA(17) | Z98: IncFIA_1, IncFIB(AP001918)_1, IncFIC(FII)_1, IncX1_1, IncX4_1
A99: SAMN13107363 | B99: GCA_009925515.1 | C99: B (GenBank assembly) | E99: =IF(D99="","",D99/5100000) | F99: 113 | G99: 4617098 | H99: 150775 | I99: 50.61 | J99: Pass | K99: mcr-1.1 | L99: mcr-1.1 | M99: ALLELEX | N99: 100.00 | O99: 100.00 | P99: WHZM01000052.1 | Q99: mcr-1.1 | R99: mcr-1.1_1 | S99: IncX4_1 | X99: 46 | Y99: adk(8) fumC(7) gyrB(1) icd(8) mdh(8) purA(8) recA(6) | Z99: IncFIB(AP001918)_1, IncFII(pCoo)_1_pCoo, IncX4_1
A100: SAMN13107361 | B100: GCA_009925505.1 | C100: B (GenBank assembly) | E100: =IF(D100="","",D100/5100000) | F100: 85 | G100: 4927353 | H100: 305484 | I100: 50.74 | J100: Pass | K100: mcr-1.1 | L100: mcr-1.1 | M100: ALLELEX | N100: 100.00 | O100: 100.00 | P100: WHZO01000015.1 | Q100: mcr-1.1 | R100: mcr-1.1_1 | S100: IncX4_1 | X100: 224 | Y100: adk(6) fumC(4) gyrB(33) icd(16) mdh(11) purA(8) recA(6) | Z100: IncFIB(AP001918)_1, IncX4_1
...
